--
-- PostgreSQL database dump
--

-- Dumped from database version 14.7 (Ubuntu 14.7-1.pgdg22.04+1)
-- Dumped by pg_dump version 14.7 (Ubuntu 14.7-1.pgdg22.04+1)

SET statement_timeout = 0;
SET lock_timeout = 0;
SET idle_in_transaction_session_timeout = 0;
SET client_encoding = 'UTF8';
SET standard_conforming_strings = on;
SELECT pg_catalog.set_config('search_path', '', false);
SET check_function_bodies = false;
SET xmloption = content;
SET client_min_messages = warning;
SET row_security = off;

SET default_tablespace = '';

SET default_table_access_method = heap;

--
-- Name: sessions; Type: TABLE; Schema: public; Owner: -
--

CREATE TABLE public.sessions (
    id integer NOT NULL,
    user_id integer NOT NULL,
    token character varying(36) NOT NULL,
    created_at timestamp without time zone DEFAULT now() NOT NULL
);


--
-- Name: sessions_id_seq; Type: SEQUENCE; Schema: public; Owner: -
--

CREATE SEQUENCE public.sessions_id_seq
    AS integer
    START WITH 1
    INCREMENT BY 1
    NO MINVALUE
    NO MAXVALUE
    CACHE 1;


--
-- Name: sessions_id_seq; Type: SEQUENCE OWNED BY; Schema: public; Owner: -
--

ALTER SEQUENCE public.sessions_id_seq OWNED BY public.sessions.id;


--
-- Name: urls; Type: TABLE; Schema: public; Owner: -
--

CREATE TABLE public.urls (
    id integer NOT NULL,
    url text NOT NULL,
    short_url character varying(21) NOT NULL,
    user_id integer NOT NULL,
    visit_count integer DEFAULT 0 NOT NULL,
    created_at timestamp without time zone DEFAULT now() NOT NULL
);


--
-- Name: urls_id_seq; Type: SEQUENCE; Schema: public; Owner: -
--

CREATE SEQUENCE public.urls_id_seq
    AS integer
    START WITH 1
    INCREMENT BY 1
    NO MINVALUE
    NO MAXVALUE
    CACHE 1;


--
-- Name: urls_id_seq; Type: SEQUENCE OWNED BY; Schema: public; Owner: -
--

ALTER SEQUENCE public.urls_id_seq OWNED BY public.urls.id;


--
-- Name: users; Type: TABLE; Schema: public; Owner: -
--

CREATE TABLE public.users (
    id integer NOT NULL,
    email character varying(150) NOT NULL,
    name character varying(200) NOT NULL,
    password text NOT NULL,
    created_at timestamp without time zone DEFAULT now() NOT NULL
);


--
-- Name: users_id_seq; Type: SEQUENCE; Schema: public; Owner: -
--

CREATE SEQUENCE public.users_id_seq
    AS integer
    START WITH 1
    INCREMENT BY 1
    NO MINVALUE
    NO MAXVALUE
    CACHE 1;


--
-- Name: users_id_seq; Type: SEQUENCE OWNED BY; Schema: public; Owner: -
--

ALTER SEQUENCE public.users_id_seq OWNED BY public.users.id;


--
-- Name: sessions id; Type: DEFAULT; Schema: public; Owner: -
--

ALTER TABLE ONLY public.sessions ALTER COLUMN id SET DEFAULT nextval('public.sessions_id_seq'::regclass);


--
-- Name: urls id; Type: DEFAULT; Schema: public; Owner: -
--

ALTER TABLE ONLY public.urls ALTER COLUMN id SET DEFAULT nextval('public.urls_id_seq'::regclass);


--
-- Name: users id; Type: DEFAULT; Schema: public; Owner: -
--

ALTER TABLE ONLY public.users ALTER COLUMN id SET DEFAULT nextval('public.users_id_seq'::regclass);


--
-- Data for Name: sessions; Type: TABLE DATA; Schema: public; Owner: -
--

INSERT INTO public.sessions VALUES (556, 56, '9d769a39-7025-4e15-847d-7a1494529164', '2023-03-01 22:44:56.254635');
INSERT INTO public.sessions VALUES (557, 9, '730a15ca-cfd8-473b-b67d-9e645bfe30aa', '2023-03-01 22:44:56.254635');
INSERT INTO public.sessions VALUES (558, 90, '464222f9-579c-4eb4-8ece-911bf4e25117', '2023-03-01 22:44:56.254635');
INSERT INTO public.sessions VALUES (559, 77, 'e97ff1f5-2c2e-4f26-982c-19e4ccbd6711', '2023-03-01 22:44:56.254635');
INSERT INTO public.sessions VALUES (560, 73, '4b5cf414-50b8-418b-b0af-0dafd37cede1', '2023-03-01 22:44:56.254635');
INSERT INTO public.sessions VALUES (561, 8, '1d960b2d-24da-419c-84fe-c2984f476d16', '2023-03-01 22:44:56.254635');
INSERT INTO public.sessions VALUES (562, 88, 'c1cfdeb1-dbaa-4f50-9dcb-98b926ab2501', '2023-03-01 22:44:56.254635');
INSERT INTO public.sessions VALUES (563, 36, 'bc0616fc-c817-4576-900b-8a7878d17615', '2023-03-01 22:44:56.254635');
INSERT INTO public.sessions VALUES (564, 26, 'a7dd6d0c-541f-4329-b246-90183b7b3905', '2023-03-01 22:44:56.254635');
INSERT INTO public.sessions VALUES (565, 22, '8a27198b-7ac2-4569-b076-efeab408fd79', '2023-03-01 22:44:56.254635');
INSERT INTO public.sessions VALUES (566, 50, '172bf353-f7da-4aad-a485-5c344f0fcd88', '2023-03-01 22:44:56.254635');
INSERT INTO public.sessions VALUES (567, 15, 'dacf975b-dec2-40f2-9cc8-a3cbabb6b277', '2023-03-01 22:44:56.254635');
INSERT INTO public.sessions VALUES (568, 87, 'c5ef0010-a1fd-4839-bdfb-d70392ab7873', '2023-03-01 22:44:56.254635');
INSERT INTO public.sessions VALUES (569, 20, 'be4f5f86-5272-445c-89c5-c4d4146086b2', '2023-03-01 22:44:56.254635');
INSERT INTO public.sessions VALUES (570, 98, '64a149fc-1df6-4868-94ca-21343319b110', '2023-03-01 22:44:56.254635');
INSERT INTO public.sessions VALUES (571, 67, '43648f38-d966-4f49-991e-285d09859745', '2023-03-01 22:44:56.254635');
INSERT INTO public.sessions VALUES (572, 47, '577ac2e8-a73b-456a-b11b-3290e6a77eba', '2023-03-01 22:44:56.254635');
INSERT INTO public.sessions VALUES (573, 49, '3a0407b6-f655-4a15-8e2f-2322ed257d52', '2023-03-01 22:44:56.254635');
INSERT INTO public.sessions VALUES (574, 62, '9149d477-b6c1-42a9-ae6f-12c55352d254', '2023-03-01 22:44:56.254635');
INSERT INTO public.sessions VALUES (575, 23, '1a715c61-8992-4c18-ba27-9941695cd68c', '2023-03-01 22:44:56.254635');
INSERT INTO public.sessions VALUES (576, 91, 'c7348f49-da13-4c92-aa17-5a4d302752c1', '2023-03-01 22:44:56.254635');
INSERT INTO public.sessions VALUES (577, 66, '940430ac-3b2d-4caa-a30b-ccb376ce1f60', '2023-03-01 22:44:56.254635');
INSERT INTO public.sessions VALUES (578, 24, '481db40f-df49-44cb-ad74-88365e05c72d', '2023-03-01 22:44:56.254635');
INSERT INTO public.sessions VALUES (579, 35, 'f6f1d7d0-e124-45b7-9e22-3af13a329ea5', '2023-03-01 22:44:56.254635');
INSERT INTO public.sessions VALUES (580, 76, 'b7601eba-d9c3-4293-9c8d-69fe5f1d67f3', '2023-03-01 22:44:56.254635');
INSERT INTO public.sessions VALUES (581, 92, '5dc7c097-3273-47db-950f-10a7b08edddb', '2023-03-01 22:44:56.254635');
INSERT INTO public.sessions VALUES (582, 4, '6a3a3511-292d-44f0-8513-ad5ac83890d4', '2023-03-01 22:44:56.254635');
INSERT INTO public.sessions VALUES (583, 70, 'dd0d57f6-c192-416e-8a39-f577e15a46da', '2023-03-01 22:44:56.254635');
INSERT INTO public.sessions VALUES (584, 41, '944fedc3-6c65-436f-b4af-2858b78603df', '2023-03-01 22:44:56.254635');
INSERT INTO public.sessions VALUES (585, 17, 'e428329d-bdb7-404d-b3a5-f0582a1be170', '2023-03-01 22:44:56.254635');
INSERT INTO public.sessions VALUES (586, 55, '27ceafa9-70cd-426a-80a1-73d8d05d98a3', '2023-03-01 22:44:56.254635');
INSERT INTO public.sessions VALUES (587, 28, '70daee51-0492-4c05-91bf-da0dd4965418', '2023-03-01 22:44:56.254635');
INSERT INTO public.sessions VALUES (588, 42, 'e08f29b8-74e2-4cc6-bfe8-e971205dc8fa', '2023-03-01 22:44:56.254635');
INSERT INTO public.sessions VALUES (589, 30, 'ccef7758-d93d-467e-b516-913de45ba181', '2023-03-01 22:44:56.254635');
INSERT INTO public.sessions VALUES (590, 96, 'e8d0f513-cf9b-4c52-81b5-99c996fe855f', '2023-03-01 22:44:56.254635');
INSERT INTO public.sessions VALUES (591, 16, 'ad0b6f67-6889-4af4-9a2a-07b6b71fcc2b', '2023-03-01 22:44:56.254635');
INSERT INTO public.sessions VALUES (592, 63, '7bec469a-16ab-4e4b-b51f-f6cb82ce1283', '2023-03-01 22:44:56.254635');
INSERT INTO public.sessions VALUES (593, 97, '29f8727f-9a96-484a-a99b-776fca1f2a6c', '2023-03-01 22:44:56.254635');
INSERT INTO public.sessions VALUES (594, 84, '724e04eb-c25e-454d-8ee1-f7ccccd15795', '2023-03-01 22:44:56.254635');
INSERT INTO public.sessions VALUES (595, 39, '6f5737d5-0d72-4bf0-a321-1cdc534bc32f', '2023-03-01 22:44:56.254635');
INSERT INTO public.sessions VALUES (596, 95, 'aad09932-b033-4f1d-9ebd-e7168a77bba3', '2023-03-01 22:44:56.254635');
INSERT INTO public.sessions VALUES (597, 59, '494c9d18-226e-4c7f-a5a6-6c66f65a0ee8', '2023-03-01 22:44:56.254635');
INSERT INTO public.sessions VALUES (598, 32, 'f16687c5-1149-41b2-b4d6-b7e4e7a39d0c', '2023-03-01 22:44:56.254635');


--
-- Data for Name: urls; Type: TABLE DATA; Schema: public; Owner: -
--

INSERT INTO public.urls VALUES (1, 'https://weebly.com/montes/nascetur/ridiculus.json?vel=vel&pede=sem&morbi=sed&porttitor=sagittis&lorem=nam&id=congue&ligula=risus&suspendisse=semper&ornare=porta&consequat=volutpat&lectus=quam&in=pede&est=lobortis&risus=ligula&auctor=sit&sed=amet&tristique=eleifend&in=pede&tempus=libero&sit=quis&amet=orci&sem=nullam&fusce=molestie&consequat=nibh&nulla=in&nisl=lectus&nunc=pellentesque&nisl=at&duis=nulla&bibendum=suspendisse&felis=potenti&sed=cras&interdum=in&venenatis=purus&turpis=eu&enim=magna&blandit=vulputate&mi=luctus&in=cum&porttitor=sociis&pede=natoque&justo=penatibus&eu=et&massa=magnis&donec=dis&dapibus=parturient&duis=montes&at=nascetur&velit=ridiculus&eu=mus&est=vivamus&congue=vestibulum&elementum=sagittis&in=sapien&hac=cum', 'bNHi8w', 70, 0, '2023-03-01 22:35:53.500064');
INSERT INTO public.urls VALUES (2, 'https://linkedin.com/duis.aspx?rutrum=mauris&neque=enim&aenean=leo&auctor=rhoncus&gravida=sed&sem=vestibulum&praesent=sit&id=amet&massa=cursus&id=id&nisl=turpis&venenatis=integer&lacinia=aliquet&aenean=massa&sit=id&amet=lobortis&justo=convallis&morbi=tortor&ut=risus&odio=dapibus&cras=augue&mi=vel&pede=accumsan&malesuada=tellus&in=nisi&imperdiet=eu&et=orci&commodo=mauris&vulputate=lacinia&justo=sapien&in=quis&blandit=libero&ultrices=nullam&enim=sit&lorem=amet&ipsum=turpis', '5kmFYEr', 37, 0, '2023-03-01 22:35:53.500064');
INSERT INTO public.urls VALUES (3, 'https://utexas.edu/vestibulum/sed/magna.html?ut=nulla&suscipit=pede&a=ullamcorper&feugiat=augue&et=a&eros=suscipit&vestibulum=nulla&ac=elit&est=ac&lacinia=nulla&nisi=sed&venenatis=vel&tristique=enim&fusce=sit&congue=amet&diam=nunc&id=viverra&ornare=dapibus&imperdiet=nulla&sapien=suscipit&urna=ligula&pretium=in&nisl=lacus&ut=curabitur&volutpat=at&sapien=ipsum&arcu=ac&sed=tellus&augue=semper&aliquam=interdum&erat=mauris&volutpat=ullamcorper&in=purus&congue=sit&etiam=amet&justo=nulla&etiam=quisque&pretium=arcu&iaculis=libero&justo=rutrum&in=ac&hac=lobortis&habitasse=vel&platea=dapibus&dictumst=at&etiam=diam&faucibus=nam&cursus=tristique&urna=tortor&ut=eu&tellus=pede', '6UblUj0SU', 45, 0, '2023-03-01 22:35:53.500064');
INSERT INTO public.urls VALUES (4, 'http://mozilla.com/nunc/vestibulum/ante.js?hac=iaculis&habitasse=congue&platea=vivamus&dictumst=metus&morbi=arcu&vestibulum=adipiscing&velit=molestie&id=hendrerit&pretium=at&iaculis=vulputate&diam=vitae&erat=nisl&fermentum=aenean&justo=lectus&nec=pellentesque&condimentum=eget&neque=nunc&sapien=donec&placerat=quis&ante=orci&nulla=eget&justo=orci&aliquam=vehicula&quis=condimentum&turpis=curabitur&eget=in&elit=libero&sodales=ut&scelerisque=massa&mauris=volutpat&sit=convallis&amet=morbi&eros=odio&suspendisse=odio&accumsan=elementum&tortor=eu&quis=interdum&turpis=eu&sed=tincidunt&ante=in&vivamus=leo&tortor=maecenas&duis=pulvinar&mattis=lobortis&egestas=est&metus=phasellus&aenean=sit&fermentum=amet&donec=erat&ut=nulla&mauris=tempus&eget=vivamus&massa=in&tempor=felis&convallis=eu&nulla=sapien&neque=cursus&libero=vestibulum&convallis=proin&eget=eu', 'OgbBi9o', 61, 0, '2023-03-01 22:35:53.500064');
INSERT INTO public.urls VALUES (5, 'http://dell.com/condimentum.jpg?tincidunt=rutrum&eget=neque&tempus=aenean&vel=auctor&pede=gravida&morbi=sem&porttitor=praesent&lorem=id&id=massa&ligula=id&suspendisse=nisl&ornare=venenatis&consequat=lacinia&lectus=aenean&in=sit&est=amet&risus=justo&auctor=morbi&sed=ut&tristique=odio&in=cras&tempus=mi&sit=pede&amet=malesuada&sem=in&fusce=imperdiet&consequat=et&nulla=commodo&nisl=vulputate&nunc=justo&nisl=in&duis=blandit&bibendum=ultrices&felis=enim&sed=lorem&interdum=ipsum&venenatis=dolor&turpis=sit&enim=amet&blandit=consectetuer&mi=adipiscing&in=elit&porttitor=proin&pede=interdum&justo=mauris&eu=non&massa=ligula&donec=pellentesque&dapibus=ultrices&duis=phasellus&at=id&velit=sapien&eu=in&est=sapien&congue=iaculis&elementum=congue&in=vivamus&hac=metus&habitasse=arcu&platea=adipiscing&dictumst=molestie&morbi=hendrerit&vestibulum=at&velit=vulputate&id=vitae&pretium=nisl&iaculis=aenean&diam=lectus&erat=pellentesque&fermentum=eget&justo=nunc&nec=donec&condimentum=quis&neque=orci&sapien=eget&placerat=orci&ante=vehicula&nulla=condimentum&justo=curabitur&aliquam=in&quis=libero&turpis=ut&eget=massa&elit=volutpat&sodales=convallis&scelerisque=morbi&mauris=odio&sit=odio&amet=elementum&eros=eu&suspendisse=interdum&accumsan=eu&tortor=tincidunt&quis=in&turpis=leo&sed=maecenas&ante=pulvinar&vivamus=lobortis', 'zoiZEE', 56, 0, '2023-03-01 22:35:53.500064');
INSERT INTO public.urls VALUES (6, 'http://abc.net.au/velit/donec/diam/neque.json?posuere=aliquam', 's7vMgiJb39HB', 72, 0, '2023-03-01 22:35:53.500064');
INSERT INTO public.urls VALUES (7, 'http://bluehost.com/leo/rhoncus/sed/vestibulum/sit/amet/cursus.aspx?nibh=lacinia&fusce=nisi&lacus=venenatis&purus=tristique&aliquet=fusce&at=congue&feugiat=diam&non=id&pretium=ornare&quis=imperdiet&lectus=sapien&suspendisse=urna&potenti=pretium&in=nisl&eleifend=ut&quam=volutpat&a=sapien&odio=arcu&in=sed&hac=augue&habitasse=aliquam&platea=erat&dictumst=volutpat&maecenas=in&ut=congue&massa=etiam&quis=justo&augue=etiam&luctus=pretium&tincidunt=iaculis&nulla=justo&mollis=in&molestie=hac&lorem=habitasse&quisque=platea&ut=dictumst&erat=etiam&curabitur=faucibus&gravida=cursus&nisi=urna&at=ut&nibh=tellus&in=nulla&hac=ut&habitasse=erat&platea=id&dictumst=mauris&aliquam=vulputate&augue=elementum&quam=nullam&sollicitudin=varius&vitae=nulla&consectetuer=facilisi&eget=cras&rutrum=non&at=velit&lorem=nec&integer=nisi&tincidunt=vulputate&ante=nonummy&vel=maecenas&ipsum=tincidunt&praesent=lacus&blandit=at&lacinia=velit&erat=vivamus&vestibulum=vel&sed=nulla&magna=eget&at=eros&nunc=elementum&commodo=pellentesque&placerat=quisque&praesent=porta&blandit=volutpat&nam=erat&nulla=quisque&integer=erat&pede=eros&justo=viverra&lacinia=eget&eget=congue&tincidunt=eget&eget=semper&tempus=rutrum', 'pLf80rtIwb3o', 64, 0, '2023-03-01 22:35:53.500064');
INSERT INTO public.urls VALUES (8, 'http://cocolog-nifty.com/et/ultrices/posuere/cubilia.png?dapibus=quam&augue=a&vel=odio&accumsan=in&tellus=hac&nisi=habitasse&eu=platea&orci=dictumst&mauris=maecenas&lacinia=ut&sapien=massa&quis=quis&libero=augue&nullam=luctus&sit=tincidunt&amet=nulla&turpis=mollis&elementum=molestie&ligula=lorem&vehicula=quisque&consequat=ut&morbi=erat&a=curabitur&ipsum=gravida&integer=nisi&a=at&nibh=nibh&in=in&quis=hac&justo=habitasse&maecenas=platea&rhoncus=dictumst&aliquam=aliquam&lacus=augue&morbi=quam&quis=sollicitudin&tortor=vitae&id=consectetuer&nulla=eget&ultrices=rutrum&aliquet=at&maecenas=lorem&leo=integer&odio=tincidunt&condimentum=ante&id=vel&luctus=ipsum&nec=praesent&molestie=blandit&sed=lacinia&justo=erat&pellentesque=vestibulum&viverra=sed&pede=magna&ac=at&diam=nunc&cras=commodo&pellentesque=placerat&volutpat=praesent&dui=blandit&maecenas=nam&tristique=nulla&est=integer&et=pede&tempus=justo&semper=lacinia&est=eget&quam=tincidunt&pharetra=eget&magna=tempus&ac=vel&consequat=pede&metus=morbi&sapien=porttitor&ut=lorem&nunc=id&vestibulum=ligula&ante=suspendisse&ipsum=ornare&primis=consequat&in=lectus', 'SJvGBni', 16, 0, '2023-03-01 22:35:53.500064');
INSERT INTO public.urls VALUES (9, 'http://nymag.com/erat.json?luctus=sed&cum=tincidunt&sociis=eu&natoque=felis&penatibus=fusce&et=posuere&magnis=felis&dis=sed&parturient=lacus&montes=morbi&nascetur=sem&ridiculus=mauris&mus=laoreet&vivamus=ut&vestibulum=rhoncus&sagittis=aliquet', 'PcGI5Rzeao', 59, 0, '2023-03-01 22:35:53.500064');
INSERT INTO public.urls VALUES (10, 'http://storify.com/sapien/non/mi/integer.json?mi=nullam&sit=molestie&amet=nibh&lobortis=in&sapien=lectus&sapien=pellentesque&non=at&mi=nulla&integer=suspendisse&ac=potenti&neque=cras&duis=in&bibendum=purus&morbi=eu&non=magna&quam=vulputate&nec=luctus&dui=cum&luctus=sociis&rutrum=natoque', 'AWR3ozGExu', 38, 0, '2023-03-01 22:35:53.500064');
INSERT INTO public.urls VALUES (85, 'http://house.gov/et/ultrices/posuere.js?sit=scelerisque&amet=quam&sapien=turpis&dignissim=adipiscing&vestibulum=lorem&vestibulum=vitae&ante=mattis&ipsum=nibh&primis=ligula&in=nec&faucibus=sem&orci=duis&luctus=aliquam&et=convallis&ultrices=nunc&posuere=proin&cubilia=at', 'Udu3XGVNMm8', 1, 0, '2023-03-01 22:35:53.500064');
INSERT INTO public.urls VALUES (11, 'https://flavors.me/et/ultrices/posuere.jpg?ligula=vulputate&suspendisse=nonummy&ornare=maecenas&consequat=tincidunt&lectus=lacus&in=at&est=velit&risus=vivamus&auctor=vel&sed=nulla&tristique=eget&in=eros&tempus=elementum&sit=pellentesque&amet=quisque&sem=porta&fusce=volutpat&consequat=erat&nulla=quisque&nisl=erat&nunc=eros&nisl=viverra&duis=eget&bibendum=congue&felis=eget&sed=semper&interdum=rutrum&venenatis=nulla&turpis=nunc&enim=purus&blandit=phasellus&mi=in&in=felis&porttitor=donec&pede=semper&justo=sapien&eu=a&massa=libero&donec=nam&dapibus=dui&duis=proin&at=leo&velit=odio&eu=porttitor&est=id&congue=consequat&elementum=in&in=consequat&hac=ut&habitasse=nulla&platea=sed&dictumst=accumsan&morbi=felis&vestibulum=ut&velit=at&id=dolor&pretium=quis&iaculis=odio&diam=consequat&erat=varius&fermentum=integer&justo=ac&nec=leo&condimentum=pellentesque&neque=ultrices&sapien=mattis&placerat=odio&ante=donec&nulla=vitae&justo=nisi&aliquam=nam&quis=ultrices&turpis=libero&eget=non&elit=mattis&sodales=pulvinar&scelerisque=nulla&mauris=pede&sit=ullamcorper&amet=augue&eros=a&suspendisse=suscipit&accumsan=nulla&tortor=elit&quis=ac&turpis=nulla&sed=sed&ante=vel&vivamus=enim&tortor=sit&duis=amet&mattis=nunc&egestas=viverra&metus=dapibus&aenean=nulla&fermentum=suscipit', 'pzUzWNvPg', 43, 0, '2023-03-01 22:35:53.500064');
INSERT INTO public.urls VALUES (12, 'https://yale.edu/mi/pede.png?cursus=sit&vestibulum=amet&proin=cursus&eu=id&mi=turpis&nulla=integer&ac=aliquet&enim=massa&in=id&tempor=lobortis&turpis=convallis&nec=tortor&euismod=risus&scelerisque=dapibus&quam=augue&turpis=vel&adipiscing=accumsan&lorem=tellus&vitae=nisi&mattis=eu&nibh=orci&ligula=mauris&nec=lacinia&sem=sapien&duis=quis&aliquam=libero&convallis=nullam&nunc=sit&proin=amet&at=turpis&turpis=elementum&a=ligula&pede=vehicula&posuere=consequat&nonummy=morbi&integer=a&non=ipsum&velit=integer&donec=a&diam=nibh&neque=in&vestibulum=quis&eget=justo&vulputate=maecenas&ut=rhoncus&ultrices=aliquam&vel=lacus&augue=morbi&vestibulum=quis&ante=tortor&ipsum=id&primis=nulla&in=ultrices&faucibus=aliquet&orci=maecenas&luctus=leo&et=odio&ultrices=condimentum&posuere=id&cubilia=luctus&curae=nec&donec=molestie&pharetra=sed&magna=justo&vestibulum=pellentesque&aliquet=viverra', 'FyZXCf', 95, 0, '2023-03-01 22:35:53.500064');
INSERT INTO public.urls VALUES (13, 'https://cam.ac.uk/quis/orci.aspx?vulputate=nulla&nonummy=ac&maecenas=enim&tincidunt=in&lacus=tempor&at=turpis&velit=nec&vivamus=euismod&vel=scelerisque&nulla=quam&eget=turpis&eros=adipiscing&elementum=lorem&pellentesque=vitae&quisque=mattis&porta=nibh&volutpat=ligula&erat=nec&quisque=sem&erat=duis&eros=aliquam&viverra=convallis&eget=nunc&congue=proin&eget=at&semper=turpis&rutrum=a&nulla=pede&nunc=posuere&purus=nonummy&phasellus=integer', '5KaDbNt', 94, 0, '2023-03-01 22:35:53.500064');
INSERT INTO public.urls VALUES (14, 'http://engadget.com/risus/dapibus/augue.xml?id=ipsum&luctus=integer&nec=a&molestie=nibh&sed=in&justo=quis', 'LS9er7A8Pk', 48, 0, '2023-03-01 22:35:53.500064');
INSERT INTO public.urls VALUES (15, 'https://craigslist.org/duis/at/velit.png?lobortis=consectetuer&ligula=eget&sit=rutrum&amet=at&eleifend=lorem&pede=integer&libero=tincidunt&quis=ante&orci=vel&nullam=ipsum&molestie=praesent&nibh=blandit&in=lacinia&lectus=erat&pellentesque=vestibulum&at=sed&nulla=magna&suspendisse=at&potenti=nunc&cras=commodo&in=placerat&purus=praesent&eu=blandit&magna=nam&vulputate=nulla&luctus=integer&cum=pede&sociis=justo&natoque=lacinia&penatibus=eget&et=tincidunt&magnis=eget&dis=tempus&parturient=vel&montes=pede&nascetur=morbi&ridiculus=porttitor&mus=lorem&vivamus=id&vestibulum=ligula&sagittis=suspendisse&sapien=ornare&cum=consequat&sociis=lectus&natoque=in&penatibus=est&et=risus&magnis=auctor&dis=sed&parturient=tristique&montes=in&nascetur=tempus&ridiculus=sit&mus=amet&etiam=sem&vel=fusce&augue=consequat&vestibulum=nulla&rutrum=nisl&rutrum=nunc&neque=nisl&aenean=duis&auctor=bibendum&gravida=felis&sem=sed&praesent=interdum&id=venenatis&massa=turpis&id=enim', 'DK8xA5iX', 43, 0, '2023-03-01 22:35:53.500064');
INSERT INTO public.urls VALUES (16, 'http://skype.com/magnis/dis/parturient/montes.js?aliquam=vehicula&lacus=consequat&morbi=morbi&quis=a&tortor=ipsum&id=integer&nulla=a&ultrices=nibh&aliquet=in&maecenas=quis&leo=justo&odio=maecenas&condimentum=rhoncus&id=aliquam&luctus=lacus&nec=morbi&molestie=quis&sed=tortor&justo=id&pellentesque=nulla&viverra=ultrices', '1UeIb6KLj', 26, 0, '2023-03-01 22:35:53.500064');
INSERT INTO public.urls VALUES (17, 'https://cnn.com/dui.jsp?augue=fusce&luctus=consequat&tincidunt=nulla&nulla=nisl&mollis=nunc&molestie=nisl&lorem=duis&quisque=bibendum&ut=felis&erat=sed&curabitur=interdum&gravida=venenatis&nisi=turpis&at=enim&nibh=blandit&in=mi&hac=in&habitasse=porttitor&platea=pede&dictumst=justo&aliquam=eu&augue=massa&quam=donec&sollicitudin=dapibus&vitae=duis&consectetuer=at&eget=velit&rutrum=eu&at=est&lorem=congue&integer=elementum&tincidunt=in&ante=hac&vel=habitasse&ipsum=platea&praesent=dictumst&blandit=morbi&lacinia=vestibulum&erat=velit&vestibulum=id&sed=pretium&magna=iaculis&at=diam', '5NwcPqo', 37, 0, '2023-03-01 22:35:53.500064');
INSERT INTO public.urls VALUES (18, 'https://nhs.uk/mauris/sit.json?ligula=amet&sit=turpis&amet=elementum&eleifend=ligula&pede=vehicula&libero=consequat&quis=morbi&orci=a&nullam=ipsum&molestie=integer&nibh=a&in=nibh&lectus=in&pellentesque=quis&at=justo&nulla=maecenas&suspendisse=rhoncus&potenti=aliquam&cras=lacus&in=morbi&purus=quis&eu=tortor&magna=id&vulputate=nulla&luctus=ultrices&cum=aliquet&sociis=maecenas', 'rKifC4U7xE', 82, 0, '2023-03-01 22:35:53.500064');
INSERT INTO public.urls VALUES (19, 'https://walmart.com/suspendisse/potenti.js?id=euismod&turpis=scelerisque&integer=quam&aliquet=turpis&massa=adipiscing&id=lorem&lobortis=vitae&convallis=mattis&tortor=nibh&risus=ligula&dapibus=nec&augue=sem&vel=duis&accumsan=aliquam&tellus=convallis&nisi=nunc&eu=proin&orci=at&mauris=turpis&lacinia=a&sapien=pede&quis=posuere&libero=nonummy&nullam=integer&sit=non&amet=velit&turpis=donec&elementum=diam&ligula=neque&vehicula=vestibulum&consequat=eget&morbi=vulputate&a=ut&ipsum=ultrices&integer=vel&a=augue&nibh=vestibulum&in=ante&quis=ipsum&justo=primis&maecenas=in&rhoncus=faucibus&aliquam=orci&lacus=luctus&morbi=et&quis=ultrices&tortor=posuere&id=cubilia&nulla=curae&ultrices=donec&aliquet=pharetra&maecenas=magna&leo=vestibulum&odio=aliquet&condimentum=ultrices&id=erat&luctus=tortor&nec=sollicitudin&molestie=mi&sed=sit&justo=amet&pellentesque=lobortis&viverra=sapien&pede=sapien&ac=non&diam=mi&cras=integer&pellentesque=ac&volutpat=neque&dui=duis&maecenas=bibendum&tristique=morbi&est=non&et=quam&tempus=nec&semper=dui&est=luctus&quam=rutrum&pharetra=nulla&magna=tellus&ac=in&consequat=sagittis&metus=dui&sapien=vel&ut=nisl&nunc=duis&vestibulum=ac&ante=nibh&ipsum=fusce&primis=lacus&in=purus&faucibus=aliquet&orci=at&luctus=feugiat&et=non&ultrices=pretium&posuere=quis&cubilia=lectus&curae=suspendisse&mauris=potenti', '9dkB3w9p6', 44, 0, '2023-03-01 22:35:53.500064');
INSERT INTO public.urls VALUES (20, 'http://nasa.gov/odio/odio/elementum/eu/interdum/eu.aspx?ut=erat&ultrices=nulla&vel=tempus&augue=vivamus&vestibulum=in&ante=felis&ipsum=eu&primis=sapien&in=cursus&faucibus=vestibulum&orci=proin&luctus=eu&et=mi&ultrices=nulla&posuere=ac&cubilia=enim&curae=in&donec=tempor&pharetra=turpis&magna=nec&vestibulum=euismod&aliquet=scelerisque&ultrices=quam&erat=turpis&tortor=adipiscing&sollicitudin=lorem&mi=vitae&sit=mattis&amet=nibh&lobortis=ligula&sapien=nec&sapien=sem&non=duis&mi=aliquam&integer=convallis&ac=nunc&neque=proin&duis=at&bibendum=turpis&morbi=a&non=pede&quam=posuere&nec=nonummy', 'j5zEGrcF', 54, 0, '2023-03-01 22:35:53.500064');
INSERT INTO public.urls VALUES (21, 'https://hostgator.com/dui.jsp?ante=aliquet&ipsum=pulvinar&primis=sed&in=nisl&faucibus=nunc&orci=rhoncus&luctus=dui&et=vel&ultrices=sem&posuere=sed&cubilia=sagittis&curae=nam&donec=congue&pharetra=risus&magna=semper&vestibulum=porta&aliquet=volutpat&ultrices=quam&erat=pede&tortor=lobortis&sollicitudin=ligula&mi=sit&sit=amet&amet=eleifend&lobortis=pede&sapien=libero&sapien=quis&non=orci&mi=nullam&integer=molestie&ac=nibh&neque=in&duis=lectus&bibendum=pellentesque&morbi=at&non=nulla&quam=suspendisse&nec=potenti&dui=cras&luctus=in&rutrum=purus&nulla=eu&tellus=magna&in=vulputate&sagittis=luctus&dui=cum&vel=sociis&nisl=natoque&duis=penatibus&ac=et&nibh=magnis&fusce=dis&lacus=parturient&purus=montes&aliquet=nascetur&at=ridiculus&feugiat=mus&non=vivamus&pretium=vestibulum&quis=sagittis&lectus=sapien&suspendisse=cum&potenti=sociis&in=natoque&eleifend=penatibus&quam=et&a=magnis&odio=dis&in=parturient&hac=montes&habitasse=nascetur&platea=ridiculus&dictumst=mus&maecenas=etiam&ut=vel&massa=augue&quis=vestibulum&augue=rutrum&luctus=rutrum&tincidunt=neque', 'V9CrxEGySPzp', 80, 0, '2023-03-01 22:35:53.500064');
INSERT INTO public.urls VALUES (22, 'http://gnu.org/venenatis/turpis/enim/blandit/mi/in/porttitor.jpg?luctus=habitasse', 'vekOzQH0x9mc', 35, 0, '2023-03-01 22:35:53.500064');
INSERT INTO public.urls VALUES (23, 'http://dailymotion.com/mauris/enim/leo/rhoncus.html?enim=pede&lorem=lobortis&ipsum=ligula&dolor=sit&sit=amet&amet=eleifend&consectetuer=pede&adipiscing=libero&elit=quis&proin=orci&interdum=nullam&mauris=molestie&non=nibh&ligula=in&pellentesque=lectus&ultrices=pellentesque&phasellus=at&id=nulla&sapien=suspendisse&in=potenti&sapien=cras&iaculis=in&congue=purus&vivamus=eu&metus=magna&arcu=vulputate&adipiscing=luctus&molestie=cum&hendrerit=sociis&at=natoque&vulputate=penatibus&vitae=et', 'heqBYqBS', 22, 0, '2023-03-01 22:35:53.500064');
INSERT INTO public.urls VALUES (24, 'https://opera.com/metus/vitae/ipsum/aliquam.js?id=eu&ligula=orci&suspendisse=mauris&ornare=lacinia&consequat=sapien&lectus=quis&in=libero&est=nullam&risus=sit&auctor=amet&sed=turpis&tristique=elementum&in=ligula&tempus=vehicula&sit=consequat&amet=morbi&sem=a&fusce=ipsum&consequat=integer&nulla=a&nisl=nibh&nunc=in&nisl=quis&duis=justo&bibendum=maecenas&felis=rhoncus&sed=aliquam&interdum=lacus&venenatis=morbi&turpis=quis&enim=tortor&blandit=id&mi=nulla&in=ultrices&porttitor=aliquet&pede=maecenas&justo=leo&eu=odio&massa=condimentum&donec=id&dapibus=luctus&duis=nec&at=molestie&velit=sed&eu=justo&est=pellentesque&congue=viverra&elementum=pede&in=ac&hac=diam&habitasse=cras&platea=pellentesque&dictumst=volutpat&morbi=dui&vestibulum=maecenas&velit=tristique&id=est&pretium=et&iaculis=tempus&diam=semper&erat=est&fermentum=quam&justo=pharetra&nec=magna&condimentum=ac&neque=consequat&sapien=metus&placerat=sapien&ante=ut&nulla=nunc&justo=vestibulum&aliquam=ante&quis=ipsum&turpis=primis&eget=in&elit=faucibus&sodales=orci&scelerisque=luctus&mauris=et&sit=ultrices&amet=posuere&eros=cubilia&suspendisse=curae&accumsan=mauris&tortor=viverra&quis=diam&turpis=vitae&sed=quam&ante=suspendisse&vivamus=potenti&tortor=nullam&duis=porttitor', 'uPKNgMH0vdvX', 23, 0, '2023-03-01 22:35:53.500064');
INSERT INTO public.urls VALUES (25, 'http://google.ca/viverra/dapibus/nulla/suscipit/ligula.json?luctus=aliquet&et=at&ultrices=feugiat&posuere=non&cubilia=pretium&curae=quis&nulla=lectus&dapibus=suspendisse&dolor=potenti&vel=in&est=eleifend&donec=quam&odio=a&justo=odio&sollicitudin=in&ut=hac&suscipit=habitasse&a=platea&feugiat=dictumst&et=maecenas&eros=ut&vestibulum=massa&ac=quis&est=augue&lacinia=luctus&nisi=tincidunt&venenatis=nulla&tristique=mollis&fusce=molestie&congue=lorem&diam=quisque&id=ut&ornare=erat&imperdiet=curabitur&sapien=gravida&urna=nisi&pretium=at&nisl=nibh&ut=in&volutpat=hac&sapien=habitasse&arcu=platea&sed=dictumst&augue=aliquam&aliquam=augue&erat=quam&volutpat=sollicitudin&in=vitae&congue=consectetuer&etiam=eget&justo=rutrum&etiam=at&pretium=lorem&iaculis=integer&justo=tincidunt&in=ante&hac=vel&habitasse=ipsum&platea=praesent&dictumst=blandit&etiam=lacinia&faucibus=erat&cursus=vestibulum', '8VOtXJdcSYwy', 13, 0, '2023-03-01 22:35:53.500064');
INSERT INTO public.urls VALUES (26, 'http://theglobeandmail.com/ipsum.png?dis=amet&parturient=eleifend&montes=pede&nascetur=libero&ridiculus=quis&mus=orci&vivamus=nullam&vestibulum=molestie&sagittis=nibh&sapien=in', '2Eog8BBoNaVm', 16, 0, '2023-03-01 22:35:53.500064');
INSERT INTO public.urls VALUES (27, 'http://ustream.tv/cum/sociis/natoque/penatibus.json?ut=sit&tellus=amet&nulla=nunc&ut=viverra&erat=dapibus&id=nulla&mauris=suscipit&vulputate=ligula&elementum=in&nullam=lacus&varius=curabitur&nulla=at&facilisi=ipsum&cras=ac&non=tellus&velit=semper&nec=interdum&nisi=mauris&vulputate=ullamcorper&nonummy=purus&maecenas=sit&tincidunt=amet&lacus=nulla&at=quisque&velit=arcu&vivamus=libero&vel=rutrum&nulla=ac&eget=lobortis&eros=vel&elementum=dapibus&pellentesque=at&quisque=diam&porta=nam&volutpat=tristique&erat=tortor&quisque=eu&erat=pede', 'aSlvFpXgl5K', 44, 0, '2023-03-01 22:35:53.500064');
INSERT INTO public.urls VALUES (28, 'https://huffingtonpost.com/commodo.html?morbi=metus&non=sapien&quam=ut&nec=nunc&dui=vestibulum&luctus=ante&rutrum=ipsum&nulla=primis&tellus=in&in=faucibus&sagittis=orci&dui=luctus&vel=et&nisl=ultrices&duis=posuere&ac=cubilia&nibh=curae&fusce=mauris&lacus=viverra&purus=diam&aliquet=vitae&at=quam&feugiat=suspendisse&non=potenti&pretium=nullam&quis=porttitor&lectus=lacus&suspendisse=at&potenti=turpis&in=donec&eleifend=posuere&quam=metus&a=vitae&odio=ipsum&in=aliquam&hac=non&habitasse=mauris&platea=morbi&dictumst=non&maecenas=lectus&ut=aliquam&massa=sit&quis=amet&augue=diam&luctus=in&tincidunt=magna&nulla=bibendum&mollis=imperdiet&molestie=nullam&lorem=orci&quisque=pede&ut=venenatis&erat=non&curabitur=sodales&gravida=sed&nisi=tincidunt&at=eu&nibh=felis&in=fusce&hac=posuere&habitasse=felis&platea=sed&dictumst=lacus&aliquam=morbi&augue=sem&quam=mauris&sollicitudin=laoreet&vitae=ut&consectetuer=rhoncus&eget=aliquet&rutrum=pulvinar&at=sed&lorem=nisl&integer=nunc&tincidunt=rhoncus&ante=dui&vel=vel&ipsum=sem&praesent=sed', 'K5mVpH', 89, 0, '2023-03-01 22:35:53.500064');
INSERT INTO public.urls VALUES (29, 'https://merriam-webster.com/in/faucibus/orci/luctus/et.json?non=sagittis&mauris=sapien&morbi=cum&non=sociis&lectus=natoque&aliquam=penatibus&sit=et&amet=magnis&diam=dis&in=parturient&magna=montes&bibendum=nascetur&imperdiet=ridiculus&nullam=mus&orci=etiam&pede=vel&venenatis=augue&non=vestibulum&sodales=rutrum&sed=rutrum&tincidunt=neque&eu=aenean&felis=auctor&fusce=gravida&posuere=sem&felis=praesent&sed=id&lacus=massa&morbi=id&sem=nisl&mauris=venenatis&laoreet=lacinia&ut=aenean&rhoncus=sit&aliquet=amet&pulvinar=justo&sed=morbi&nisl=ut&nunc=odio&rhoncus=cras&dui=mi&vel=pede&sem=malesuada&sed=in&sagittis=imperdiet&nam=et&congue=commodo&risus=vulputate&semper=justo&porta=in&volutpat=blandit&quam=ultrices&pede=enim&lobortis=lorem', 'AoCymKGO', 1, 0, '2023-03-01 22:35:53.500064');
INSERT INTO public.urls VALUES (42, 'http://cmu.edu/vel/pede/morbi/porttitor/lorem/id/ligula.html?lobortis=nonummy&sapien=integer&sapien=non&non=velit&mi=donec&integer=diam&ac=neque&neque=vestibulum&duis=eget&bibendum=vulputate&morbi=ut&non=ultrices&quam=vel&nec=augue&dui=vestibulum&luctus=ante&rutrum=ipsum&nulla=primis&tellus=in&in=faucibus&sagittis=orci&dui=luctus&vel=et&nisl=ultrices&duis=posuere&ac=cubilia&nibh=curae&fusce=donec&lacus=pharetra&purus=magna&aliquet=vestibulum&at=aliquet&feugiat=ultrices&non=erat&pretium=tortor&quis=sollicitudin&lectus=mi&suspendisse=sit&potenti=amet&in=lobortis&eleifend=sapien&quam=sapien&a=non&odio=mi&in=integer&hac=ac&habitasse=neque&platea=duis&dictumst=bibendum&maecenas=morbi&ut=non&massa=quam&quis=nec&augue=dui&luctus=luctus&tincidunt=rutrum&nulla=nulla&mollis=tellus&molestie=in&lorem=sagittis&quisque=dui&ut=vel&erat=nisl&curabitur=duis&gravida=ac&nisi=nibh&at=fusce&nibh=lacus&in=purus&hac=aliquet&habitasse=at', 'EEk79TGO', 50, 0, '2023-03-01 22:35:53.500064');
INSERT INTO public.urls VALUES (30, 'http://blogtalkradio.com/tempus/vel/pede/morbi/porttitor/lorem.jsp?et=at&commodo=nibh&vulputate=in&justo=hac&in=habitasse&blandit=platea&ultrices=dictumst&enim=aliquam&lorem=augue&ipsum=quam&dolor=sollicitudin&sit=vitae&amet=consectetuer&consectetuer=eget&adipiscing=rutrum&elit=at&proin=lorem&interdum=integer&mauris=tincidunt&non=ante&ligula=vel&pellentesque=ipsum&ultrices=praesent&phasellus=blandit&id=lacinia&sapien=erat&in=vestibulum&sapien=sed&iaculis=magna&congue=at&vivamus=nunc&metus=commodo&arcu=placerat&adipiscing=praesent&molestie=blandit&hendrerit=nam&at=nulla&vulputate=integer&vitae=pede&nisl=justo&aenean=lacinia&lectus=eget&pellentesque=tincidunt&eget=eget&nunc=tempus&donec=vel&quis=pede&orci=morbi&eget=porttitor&orci=lorem&vehicula=id&condimentum=ligula&curabitur=suspendisse&in=ornare&libero=consequat&ut=lectus&massa=in&volutpat=est&convallis=risus&morbi=auctor&odio=sed&odio=tristique&elementum=in&eu=tempus&interdum=sit&eu=amet&tincidunt=sem&in=fusce&leo=consequat&maecenas=nulla&pulvinar=nisl&lobortis=nunc&est=nisl&phasellus=duis&sit=bibendum&amet=felis&erat=sed&nulla=interdum&tempus=venenatis&vivamus=turpis&in=enim&felis=blandit&eu=mi&sapien=in&cursus=porttitor&vestibulum=pede&proin=justo&eu=eu&mi=massa&nulla=donec&ac=dapibus&enim=duis&in=at&tempor=velit&turpis=eu&nec=est&euismod=congue&scelerisque=elementum', 'lYCNgs6S', 21, 0, '2023-03-01 22:35:53.500064');
INSERT INTO public.urls VALUES (31, 'http://springer.com/blandit/lacinia/erat/vestibulum/sed.xml?tempus=tellus&vel=in&pede=sagittis&morbi=dui&porttitor=vel&lorem=nisl&id=duis&ligula=ac&suspendisse=nibh&ornare=fusce&consequat=lacus&lectus=purus&in=aliquet&est=at&risus=feugiat&auctor=non&sed=pretium&tristique=quis&in=lectus&tempus=suspendisse&sit=potenti&amet=in', 'ETT2G8Ow', 55, 0, '2023-03-01 22:35:53.500064');
INSERT INTO public.urls VALUES (32, 'http://google.fr/odio/condimentum/id/luctus/nec/molestie/sed.xml?tortor=semper&quis=rutrum&turpis=nulla&sed=nunc&ante=purus&vivamus=phasellus&tortor=in&duis=felis&mattis=donec&egestas=semper&metus=sapien&aenean=a&fermentum=libero', 'MnJq0M3PJq', 100, 0, '2023-03-01 22:35:53.500064');
INSERT INTO public.urls VALUES (33, 'https://wisc.edu/elementum/in/hac.xml?pretium=diam&iaculis=in&justo=magna&in=bibendum&hac=imperdiet&habitasse=nullam&platea=orci&dictumst=pede&etiam=venenatis&faucibus=non&cursus=sodales&urna=sed&ut=tincidunt&tellus=eu&nulla=felis&ut=fusce&erat=posuere&id=felis&mauris=sed&vulputate=lacus&elementum=morbi&nullam=sem&varius=mauris&nulla=laoreet&facilisi=ut&cras=rhoncus&non=aliquet&velit=pulvinar&nec=sed&nisi=nisl&vulputate=nunc&nonummy=rhoncus&maecenas=dui&tincidunt=vel&lacus=sem&at=sed&velit=sagittis&vivamus=nam&vel=congue&nulla=risus&eget=semper&eros=porta&elementum=volutpat&pellentesque=quam&quisque=pede&porta=lobortis&volutpat=ligula&erat=sit&quisque=amet&erat=eleifend&eros=pede&viverra=libero&eget=quis&congue=orci&eget=nullam&semper=molestie&rutrum=nibh&nulla=in&nunc=lectus&purus=pellentesque&phasellus=at&in=nulla&felis=suspendisse&donec=potenti&semper=cras&sapien=in&a=purus&libero=eu&nam=magna&dui=vulputate&proin=luctus&leo=cum&odio=sociis&porttitor=natoque&id=penatibus&consequat=et&in=magnis&consequat=dis&ut=parturient&nulla=montes&sed=nascetur&accumsan=ridiculus&felis=mus&ut=vivamus&at=vestibulum&dolor=sagittis&quis=sapien', 'Tz6kCdv25', 49, 0, '2023-03-01 22:35:53.500064');
INSERT INTO public.urls VALUES (34, 'https://php.net/ultrices/posuere.js?aliquam=primis&erat=in&volutpat=faucibus&in=orci&congue=luctus&etiam=et&justo=ultrices&etiam=posuere&pretium=cubilia&iaculis=curae&justo=mauris&in=viverra&hac=diam&habitasse=vitae&platea=quam&dictumst=suspendisse&etiam=potenti&faucibus=nullam&cursus=porttitor&urna=lacus&ut=at&tellus=turpis&nulla=donec&ut=posuere&erat=metus&id=vitae&mauris=ipsum&vulputate=aliquam&elementum=non&nullam=mauris&varius=morbi&nulla=non&facilisi=lectus&cras=aliquam&non=sit&velit=amet&nec=diam&nisi=in&vulputate=magna&nonummy=bibendum&maecenas=imperdiet&tincidunt=nullam&lacus=orci&at=pede&velit=venenatis&vivamus=non&vel=sodales&nulla=sed&eget=tincidunt&eros=eu&elementum=felis', '3aMJC9IOi3CC', 62, 0, '2023-03-01 22:35:53.500064');
INSERT INTO public.urls VALUES (35, 'https://chicagotribune.com/in/hac/habitasse/platea/dictumst.html?nunc=id&purus=luctus&phasellus=nec&in=molestie&felis=sed&donec=justo&semper=pellentesque&sapien=viverra&a=pede&libero=ac&nam=diam&dui=cras&proin=pellentesque&leo=volutpat&odio=dui&porttitor=maecenas&id=tristique&consequat=est&in=et&consequat=tempus&ut=semper&nulla=est&sed=quam&accumsan=pharetra&felis=magna&ut=ac&at=consequat', '0fOTgF8pGcOt', 27, 0, '2023-03-01 22:35:53.500064');
INSERT INTO public.urls VALUES (36, 'https://about.me/in/est/risus/auctor/sed/tristique/in.html?amet=interdum&justo=in&morbi=ante&ut=vestibulum&odio=ante&cras=ipsum&mi=primis&pede=in&malesuada=faucibus&in=orci&imperdiet=luctus&et=et&commodo=ultrices&vulputate=posuere&justo=cubilia&in=curae', 'MqROlB', 50, 0, '2023-03-01 22:35:53.500064');
INSERT INTO public.urls VALUES (37, 'http://elpais.com/nulla/ultrices/aliquet/maecenas.jsp?pede=blandit&ac=mi&diam=in&cras=porttitor&pellentesque=pede&volutpat=justo&dui=eu&maecenas=massa&tristique=donec&est=dapibus&et=duis&tempus=at&semper=velit&est=eu', 'AJSGV7OCDq', 18, 0, '2023-03-01 22:35:53.500064');
INSERT INTO public.urls VALUES (38, 'https://skype.com/ut/dolor/morbi/vel/lectus/in/quam.json?in=eget&faucibus=semper&orci=rutrum&luctus=nulla&et=nunc&ultrices=purus&posuere=phasellus&cubilia=in&curae=felis&nulla=donec&dapibus=semper&dolor=sapien&vel=a&est=libero&donec=nam&odio=dui&justo=proin&sollicitudin=leo&ut=odio&suscipit=porttitor&a=id&feugiat=consequat&et=in&eros=consequat&vestibulum=ut&ac=nulla&est=sed&lacinia=accumsan&nisi=felis&venenatis=ut&tristique=at&fusce=dolor&congue=quis&diam=odio&id=consequat&ornare=varius&imperdiet=integer&sapien=ac&urna=leo&pretium=pellentesque&nisl=ultrices&ut=mattis&volutpat=odio&sapien=donec&arcu=vitae&sed=nisi&augue=nam&aliquam=ultrices&erat=libero&volutpat=non&in=mattis&congue=pulvinar&etiam=nulla&justo=pede&etiam=ullamcorper&pretium=augue&iaculis=a&justo=suscipit&in=nulla&hac=elit&habitasse=ac&platea=nulla&dictumst=sed', 'GOOr8jGuh', 15, 0, '2023-03-01 22:35:53.500064');
INSERT INTO public.urls VALUES (39, 'https://ucla.edu/nisl/duis/ac/nibh/fusce.js?non=pretium&interdum=nisl&in=ut&ante=volutpat&vestibulum=sapien&ante=arcu&ipsum=sed&primis=augue&in=aliquam&faucibus=erat&orci=volutpat&luctus=in&et=congue&ultrices=etiam&posuere=justo&cubilia=etiam&curae=pretium&duis=iaculis&faucibus=justo&accumsan=in&odio=hac&curabitur=habitasse&convallis=platea&duis=dictumst&consequat=etiam&dui=faucibus&nec=cursus&nisi=urna&volutpat=ut&eleifend=tellus&donec=nulla&ut=ut&dolor=erat&morbi=id&vel=mauris&lectus=vulputate&in=elementum&quam=nullam&fringilla=varius&rhoncus=nulla&mauris=facilisi&enim=cras&leo=non&rhoncus=velit&sed=nec&vestibulum=nisi&sit=vulputate&amet=nonummy&cursus=maecenas&id=tincidunt&turpis=lacus&integer=at&aliquet=velit&massa=vivamus&id=vel&lobortis=nulla&convallis=eget&tortor=eros&risus=elementum&dapibus=pellentesque&augue=quisque&vel=porta&accumsan=volutpat&tellus=erat&nisi=quisque&eu=erat&orci=eros&mauris=viverra&lacinia=eget&sapien=congue&quis=eget&libero=semper', 'JhkaSVp', 29, 0, '2023-03-01 22:35:53.500064');
INSERT INTO public.urls VALUES (40, 'https://aol.com/pede/posuere/nonummy/integer/non/velit.json?libero=neque&quis=duis&orci=bibendum&nullam=morbi&molestie=non&nibh=quam&in=nec&lectus=dui&pellentesque=luctus&at=rutrum&nulla=nulla&suspendisse=tellus', 'HEEIFr', 24, 0, '2023-03-01 22:35:53.500064');
INSERT INTO public.urls VALUES (41, 'http://usatoday.com/posuere/cubilia/curae.jsp?nulla=posuere&tellus=metus&in=vitae&sagittis=ipsum&dui=aliquam&vel=non&nisl=mauris&duis=morbi&ac=non&nibh=lectus&fusce=aliquam&lacus=sit&purus=amet&aliquet=diam&at=in&feugiat=magna&non=bibendum&pretium=imperdiet&quis=nullam&lectus=orci&suspendisse=pede&potenti=venenatis&in=non', 'JGwqGSjpKxbq', 14, 0, '2023-03-01 22:35:53.500064');
INSERT INTO public.urls VALUES (43, 'http://about.me/dui/luctus/rutrum/nulla/tellus/in.xml?vulputate=vitae&elementum=consectetuer&nullam=eget&varius=rutrum&nulla=at&facilisi=lorem&cras=integer&non=tincidunt&velit=ante&nec=vel&nisi=ipsum&vulputate=praesent&nonummy=blandit&maecenas=lacinia&tincidunt=erat&lacus=vestibulum&at=sed&velit=magna&vivamus=at&vel=nunc', 'lEDhRg', 35, 0, '2023-03-01 22:35:53.500064');
INSERT INTO public.urls VALUES (44, 'http://telegraph.co.uk/interdum/mauris/non/ligula/pellentesque/ultrices.png?tortor=mauris&duis=lacinia&mattis=sapien&egestas=quis&metus=libero&aenean=nullam&fermentum=sit&donec=amet&ut=turpis&mauris=elementum&eget=ligula&massa=vehicula&tempor=consequat&convallis=morbi&nulla=a&neque=ipsum&libero=integer&convallis=a&eget=nibh&eleifend=in&luctus=quis&ultricies=justo&eu=maecenas&nibh=rhoncus&quisque=aliquam&id=lacus&justo=morbi&sit=quis&amet=tortor&sapien=id&dignissim=nulla&vestibulum=ultrices&vestibulum=aliquet&ante=maecenas&ipsum=leo&primis=odio&in=condimentum&faucibus=id&orci=luctus&luctus=nec&et=molestie&ultrices=sed&posuere=justo&cubilia=pellentesque&curae=viverra&nulla=pede&dapibus=ac&dolor=diam&vel=cras&est=pellentesque&donec=volutpat&odio=dui&justo=maecenas&sollicitudin=tristique&ut=est&suscipit=et&a=tempus&feugiat=semper&et=est&eros=quam&vestibulum=pharetra&ac=magna&est=ac&lacinia=consequat&nisi=metus&venenatis=sapien&tristique=ut&fusce=nunc&congue=vestibulum&diam=ante&id=ipsum&ornare=primis&imperdiet=in&sapien=faucibus&urna=orci', 'hk6ImhnsOb', 14, 0, '2023-03-01 22:35:53.500064');
INSERT INTO public.urls VALUES (45, 'http://msu.edu/lectus/in.aspx?sed=lacinia&nisl=erat&nunc=vestibulum&rhoncus=sed&dui=magna&vel=at&sem=nunc&sed=commodo&sagittis=placerat&nam=praesent&congue=blandit&risus=nam&semper=nulla&porta=integer&volutpat=pede&quam=justo&pede=lacinia&lobortis=eget&ligula=tincidunt&sit=eget&amet=tempus&eleifend=vel&pede=pede&libero=morbi&quis=porttitor&orci=lorem&nullam=id&molestie=ligula&nibh=suspendisse&in=ornare&lectus=consequat&pellentesque=lectus&at=in&nulla=est&suspendisse=risus&potenti=auctor&cras=sed', 'Fq4LgeHw8', 17, 0, '2023-03-01 22:35:53.500064');
INSERT INTO public.urls VALUES (46, 'https://github.com/erat/vestibulum.jpg?turpis=maecenas&adipiscing=leo&lorem=odio&vitae=condimentum&mattis=id&nibh=luctus&ligula=nec&nec=molestie&sem=sed&duis=justo&aliquam=pellentesque&convallis=viverra&nunc=pede&proin=ac&at=diam&turpis=cras&a=pellentesque&pede=volutpat&posuere=dui&nonummy=maecenas&integer=tristique&non=est&velit=et&donec=tempus&diam=semper&neque=est&vestibulum=quam&eget=pharetra&vulputate=magna&ut=ac&ultrices=consequat&vel=metus&augue=sapien&vestibulum=ut&ante=nunc&ipsum=vestibulum&primis=ante&in=ipsum&faucibus=primis&orci=in&luctus=faucibus&et=orci&ultrices=luctus&posuere=et&cubilia=ultrices&curae=posuere&donec=cubilia&pharetra=curae&magna=mauris&vestibulum=viverra&aliquet=diam&ultrices=vitae&erat=quam&tortor=suspendisse&sollicitudin=potenti&mi=nullam&sit=porttitor&amet=lacus&lobortis=at&sapien=turpis&sapien=donec&non=posuere&mi=metus&integer=vitae&ac=ipsum&neque=aliquam&duis=non&bibendum=mauris&morbi=morbi&non=non&quam=lectus&nec=aliquam&dui=sit&luctus=amet&rutrum=diam&nulla=in&tellus=magna&in=bibendum&sagittis=imperdiet&dui=nullam&vel=orci&nisl=pede&duis=venenatis&ac=non&nibh=sodales&fusce=sed&lacus=tincidunt&purus=eu&aliquet=felis&at=fusce&feugiat=posuere&non=felis&pretium=sed&quis=lacus&lectus=morbi&suspendisse=sem&potenti=mauris', 'LIviz0t41x', 40, 0, '2023-03-01 22:35:53.500064');
INSERT INTO public.urls VALUES (47, 'http://nih.gov/aenean.aspx?bibendum=rutrum&morbi=nulla&non=tellus&quam=in&nec=sagittis&dui=dui&luctus=vel&rutrum=nisl&nulla=duis&tellus=ac&in=nibh&sagittis=fusce&dui=lacus&vel=purus&nisl=aliquet&duis=at&ac=feugiat&nibh=non&fusce=pretium&lacus=quis&purus=lectus&aliquet=suspendisse&at=potenti&feugiat=in&non=eleifend&pretium=quam&quis=a&lectus=odio&suspendisse=in&potenti=hac&in=habitasse&eleifend=platea&quam=dictumst&a=maecenas&odio=ut&in=massa&hac=quis&habitasse=augue&platea=luctus&dictumst=tincidunt&maecenas=nulla&ut=mollis&massa=molestie&quis=lorem&augue=quisque&luctus=ut&tincidunt=erat&nulla=curabitur&mollis=gravida&molestie=nisi&lorem=at&quisque=nibh&ut=in&erat=hac&curabitur=habitasse&gravida=platea&nisi=dictumst&at=aliquam&nibh=augue&in=quam&hac=sollicitudin&habitasse=vitae&platea=consectetuer&dictumst=eget&aliquam=rutrum&augue=at&quam=lorem&sollicitudin=integer&vitae=tincidunt&consectetuer=ante&eget=vel&rutrum=ipsum&at=praesent&lorem=blandit&integer=lacinia&tincidunt=erat&ante=vestibulum&vel=sed&ipsum=magna&praesent=at', 'db07tgT3v', 4, 0, '2023-03-01 22:35:53.500064');
INSERT INTO public.urls VALUES (48, 'https://bandcamp.com/quam/pharetra/magna/ac/consequat/metus/sapien.json?vestibulum=erat&proin=curabitur&eu=gravida&mi=nisi&nulla=at&ac=nibh&enim=in&in=hac&tempor=habitasse&turpis=platea&nec=dictumst&euismod=aliquam&scelerisque=augue&quam=quam&turpis=sollicitudin&adipiscing=vitae&lorem=consectetuer&vitae=eget&mattis=rutrum&nibh=at&ligula=lorem&nec=integer&sem=tincidunt&duis=ante&aliquam=vel&convallis=ipsum&nunc=praesent&proin=blandit&at=lacinia&turpis=erat&a=vestibulum&pede=sed&posuere=magna&nonummy=at&integer=nunc&non=commodo&velit=placerat&donec=praesent&diam=blandit&neque=nam&vestibulum=nulla&eget=integer&vulputate=pede&ut=justo&ultrices=lacinia&vel=eget&augue=tincidunt&vestibulum=eget&ante=tempus&ipsum=vel&primis=pede&in=morbi&faucibus=porttitor&orci=lorem&luctus=id&et=ligula&ultrices=suspendisse&posuere=ornare&cubilia=consequat&curae=lectus&donec=in&pharetra=est&magna=risus&vestibulum=auctor&aliquet=sed&ultrices=tristique&erat=in&tortor=tempus&sollicitudin=sit&mi=amet&sit=sem&amet=fusce&lobortis=consequat&sapien=nulla&sapien=nisl&non=nunc&mi=nisl&integer=duis&ac=bibendum&neque=felis&duis=sed&bibendum=interdum&morbi=venenatis&non=turpis&quam=enim&nec=blandit&dui=mi&luctus=in&rutrum=porttitor&nulla=pede&tellus=justo&in=eu&sagittis=massa&dui=donec&vel=dapibus&nisl=duis&duis=at', 'QzlUI2Oh', 65, 0, '2023-03-01 22:35:53.500064');
INSERT INTO public.urls VALUES (49, 'https://rambler.ru/ipsum/primis/in/faucibus/orci.jsp?interdum=ut&mauris=ultrices&ullamcorper=vel&purus=augue&sit=vestibulum&amet=ante&nulla=ipsum&quisque=primis&arcu=in&libero=faucibus&rutrum=orci&ac=luctus&lobortis=et', 'pH7GRS7', 15, 0, '2023-03-01 22:35:53.500064');
INSERT INTO public.urls VALUES (50, 'https://hugedomains.com/maecenas/tincidunt/lacus.xml?consequat=ante&dui=ipsum&nec=primis&nisi=in&volutpat=faucibus&eleifend=orci&donec=luctus&ut=et&dolor=ultrices&morbi=posuere&vel=cubilia&lectus=curae&in=nulla&quam=dapibus&fringilla=dolor&rhoncus=vel&mauris=est&enim=donec&leo=odio&rhoncus=justo&sed=sollicitudin&vestibulum=ut&sit=suscipit&amet=a&cursus=feugiat&id=et&turpis=eros&integer=vestibulum&aliquet=ac&massa=est&id=lacinia&lobortis=nisi&convallis=venenatis&tortor=tristique&risus=fusce&dapibus=congue&augue=diam&vel=id&accumsan=ornare&tellus=imperdiet&nisi=sapien&eu=urna&orci=pretium&mauris=nisl&lacinia=ut&sapien=volutpat&quis=sapien&libero=arcu&nullam=sed&sit=augue&amet=aliquam&turpis=erat&elementum=volutpat&ligula=in&vehicula=congue&consequat=etiam&morbi=justo&a=etiam&ipsum=pretium&integer=iaculis&a=justo&nibh=in&in=hac&quis=habitasse&justo=platea&maecenas=dictumst&rhoncus=etiam&aliquam=faucibus&lacus=cursus&morbi=urna&quis=ut&tortor=tellus&id=nulla&nulla=ut&ultrices=erat&aliquet=id&maecenas=mauris&leo=vulputate&odio=elementum&condimentum=nullam&id=varius&luctus=nulla&nec=facilisi&molestie=cras&sed=non', 'mmHXJg', 38, 0, '2023-03-01 22:35:53.500064');
INSERT INTO public.urls VALUES (51, 'https://parallels.com/elementum/pellentesque/quisque/porta.json?massa=integer&volutpat=ac&convallis=neque&morbi=duis&odio=bibendum&odio=morbi&elementum=non&eu=quam&interdum=nec&eu=dui&tincidunt=luctus&in=rutrum&leo=nulla&maecenas=tellus&pulvinar=in&lobortis=sagittis&est=dui&phasellus=vel&sit=nisl&amet=duis&erat=ac&nulla=nibh&tempus=fusce&vivamus=lacus&in=purus&felis=aliquet&eu=at&sapien=feugiat&cursus=non&vestibulum=pretium&proin=quis&eu=lectus&mi=suspendisse&nulla=potenti&ac=in&enim=eleifend&in=quam&tempor=a&turpis=odio&nec=in&euismod=hac&scelerisque=habitasse&quam=platea&turpis=dictumst&adipiscing=maecenas&lorem=ut&vitae=massa&mattis=quis&nibh=augue&ligula=luctus&nec=tincidunt&sem=nulla&duis=mollis&aliquam=molestie&convallis=lorem&nunc=quisque&proin=ut&at=erat&turpis=curabitur&a=gravida&pede=nisi&posuere=at&nonummy=nibh', 'v1d81GCTsV', 8, 0, '2023-03-01 22:35:53.500064');
INSERT INTO public.urls VALUES (52, 'http://wp.com/consequat.html?vitae=dui&nisl=luctus&aenean=rutrum&lectus=nulla&pellentesque=tellus&eget=in&nunc=sagittis&donec=dui&quis=vel&orci=nisl&eget=duis&orci=ac&vehicula=nibh&condimentum=fusce&curabitur=lacus&in=purus&libero=aliquet&ut=at&massa=feugiat&volutpat=non&convallis=pretium&morbi=quis&odio=lectus&odio=suspendisse&elementum=potenti&eu=in&interdum=eleifend&eu=quam&tincidunt=a&in=odio&leo=in&maecenas=hac&pulvinar=habitasse&lobortis=platea&est=dictumst&phasellus=maecenas&sit=ut&amet=massa&erat=quis&nulla=augue&tempus=luctus&vivamus=tincidunt&in=nulla&felis=mollis&eu=molestie&sapien=lorem&cursus=quisque&vestibulum=ut&proin=erat&eu=curabitur&mi=gravida&nulla=nisi&ac=at', 'UnL9JUdsesae', 91, 0, '2023-03-01 22:35:53.500064');
INSERT INTO public.urls VALUES (53, 'http://java.com/tortor/id/nulla/ultrices/aliquet/maecenas/leo.js?leo=non&maecenas=pretium&pulvinar=quis&lobortis=lectus&est=suspendisse&phasellus=potenti&sit=in&amet=eleifend&erat=quam&nulla=a&tempus=odio&vivamus=in&in=hac&felis=habitasse&eu=platea&sapien=dictumst&cursus=maecenas&vestibulum=ut&proin=massa&eu=quis&mi=augue&nulla=luctus&ac=tincidunt&enim=nulla&in=mollis&tempor=molestie&turpis=lorem&nec=quisque&euismod=ut&scelerisque=erat&quam=curabitur&turpis=gravida&adipiscing=nisi&lorem=at&vitae=nibh&mattis=in&nibh=hac&ligula=habitasse&nec=platea&sem=dictumst&duis=aliquam&aliquam=augue&convallis=quam&nunc=sollicitudin&proin=vitae&at=consectetuer&turpis=eget&a=rutrum&pede=at&posuere=lorem&nonummy=integer&integer=tincidunt&non=ante&velit=vel&donec=ipsum&diam=praesent&neque=blandit&vestibulum=lacinia&eget=erat', 'x6fsiIW', 86, 0, '2023-03-01 22:35:53.500064');
INSERT INTO public.urls VALUES (54, 'http://geocities.com/elementum/eu/interdum/eu/tincidunt/in/leo.xml?nullam=donec&molestie=diam&nibh=neque&in=vestibulum&lectus=eget&pellentesque=vulputate&at=ut&nulla=ultrices&suspendisse=vel&potenti=augue&cras=vestibulum&in=ante&purus=ipsum&eu=primis&magna=in&vulputate=faucibus&luctus=orci&cum=luctus&sociis=et&natoque=ultrices&penatibus=posuere&et=cubilia&magnis=curae&dis=donec&parturient=pharetra&montes=magna&nascetur=vestibulum&ridiculus=aliquet&mus=ultrices&vivamus=erat&vestibulum=tortor&sagittis=sollicitudin&sapien=mi&cum=sit&sociis=amet&natoque=lobortis&penatibus=sapien&et=sapien&magnis=non&dis=mi&parturient=integer&montes=ac&nascetur=neque&ridiculus=duis&mus=bibendum&etiam=morbi&vel=non&augue=quam&vestibulum=nec&rutrum=dui&rutrum=luctus&neque=rutrum&aenean=nulla&auctor=tellus&gravida=in&sem=sagittis&praesent=dui&id=vel&massa=nisl&id=duis&nisl=ac&venenatis=nibh&lacinia=fusce&aenean=lacus&sit=purus&amet=aliquet&justo=at&morbi=feugiat&ut=non&odio=pretium&cras=quis&mi=lectus&pede=suspendisse&malesuada=potenti&in=in&imperdiet=eleifend&et=quam&commodo=a&vulputate=odio&justo=in&in=hac&blandit=habitasse', 'AKv4ctmBy', 99, 0, '2023-03-01 22:35:53.500064');
INSERT INTO public.urls VALUES (55, 'https://mozilla.com/cursus/urna/ut/tellus/nulla/ut/erat.html?turpis=sit&elementum=amet&ligula=erat&vehicula=nulla&consequat=tempus&morbi=vivamus&a=in&ipsum=felis&integer=eu&a=sapien&nibh=cursus&in=vestibulum&quis=proin&justo=eu&maecenas=mi&rhoncus=nulla&aliquam=ac&lacus=enim&morbi=in&quis=tempor&tortor=turpis&id=nec&nulla=euismod&ultrices=scelerisque&aliquet=quam&maecenas=turpis&leo=adipiscing&odio=lorem&condimentum=vitae&id=mattis&luctus=nibh&nec=ligula&molestie=nec&sed=sem&justo=duis&pellentesque=aliquam&viverra=convallis&pede=nunc&ac=proin&diam=at&cras=turpis&pellentesque=a&volutpat=pede&dui=posuere&maecenas=nonummy&tristique=integer&est=non&et=velit&tempus=donec&semper=diam&est=neque&quam=vestibulum&pharetra=eget&magna=vulputate&ac=ut&consequat=ultrices&metus=vel&sapien=augue&ut=vestibulum&nunc=ante&vestibulum=ipsum&ante=primis&ipsum=in&primis=faucibus&in=orci&faucibus=luctus&orci=et&luctus=ultrices', 'OQvv1yk', 48, 0, '2023-03-01 22:35:53.500064');
INSERT INTO public.urls VALUES (56, 'http://example.com/ac.aspx?neque=ut&duis=volutpat&bibendum=sapien&morbi=arcu&non=sed&quam=augue&nec=aliquam&dui=erat&luctus=volutpat&rutrum=in&nulla=congue&tellus=etiam&in=justo&sagittis=etiam&dui=pretium&vel=iaculis&nisl=justo&duis=in&ac=hac&nibh=habitasse&fusce=platea&lacus=dictumst&purus=etiam&aliquet=faucibus&at=cursus&feugiat=urna&non=ut&pretium=tellus&quis=nulla&lectus=ut&suspendisse=erat&potenti=id&in=mauris&eleifend=vulputate&quam=elementum&a=nullam&odio=varius&in=nulla&hac=facilisi&habitasse=cras&platea=non&dictumst=velit&maecenas=nec&ut=nisi&massa=vulputate&quis=nonummy&augue=maecenas&luctus=tincidunt&tincidunt=lacus&nulla=at&mollis=velit&molestie=vivamus&lorem=vel&quisque=nulla&ut=eget&erat=eros&curabitur=elementum&gravida=pellentesque', 'MMV5gDUwsPn5', 11, 0, '2023-03-01 22:35:53.500064');
INSERT INTO public.urls VALUES (57, 'http://salon.com/pellentesque/ultrices/mattis.js?a=porttitor&odio=lorem&in=id&hac=ligula&habitasse=suspendisse&platea=ornare&dictumst=consequat&maecenas=lectus&ut=in&massa=est&quis=risus', 'PXBqqGNW7', 97, 0, '2023-03-01 22:35:53.500064');
INSERT INTO public.urls VALUES (58, 'http://scientificamerican.com/ultrices/vel/augue/vestibulum.js?tempus=nisl&sit=aenean&amet=lectus&sem=pellentesque&fusce=eget&consequat=nunc&nulla=donec&nisl=quis&nunc=orci&nisl=eget&duis=orci&bibendum=vehicula&felis=condimentum&sed=curabitur&interdum=in&venenatis=libero&turpis=ut&enim=massa&blandit=volutpat&mi=convallis&in=morbi&porttitor=odio&pede=odio&justo=elementum&eu=eu&massa=interdum&donec=eu&dapibus=tincidunt&duis=in&at=leo&velit=maecenas&eu=pulvinar&est=lobortis&congue=est&elementum=phasellus&in=sit&hac=amet&habitasse=erat&platea=nulla&dictumst=tempus&morbi=vivamus&vestibulum=in&velit=felis&id=eu&pretium=sapien&iaculis=cursus&diam=vestibulum&erat=proin&fermentum=eu&justo=mi&nec=nulla&condimentum=ac&neque=enim&sapien=in&placerat=tempor&ante=turpis&nulla=nec&justo=euismod&aliquam=scelerisque&quis=quam&turpis=turpis&eget=adipiscing&elit=lorem&sodales=vitae&scelerisque=mattis&mauris=nibh&sit=ligula', 'KC8EcZSH3', 99, 0, '2023-03-01 22:35:53.500064');
INSERT INTO public.urls VALUES (59, 'http://printfriendly.com/dui/nec/nisi/volutpat.js?varius=lectus&nulla=aliquam&facilisi=sit&cras=amet&non=diam&velit=in&nec=magna&nisi=bibendum&vulputate=imperdiet&nonummy=nullam&maecenas=orci&tincidunt=pede&lacus=venenatis&at=non&velit=sodales&vivamus=sed&vel=tincidunt&nulla=eu&eget=felis', '5AANJ9aSTV', 23, 0, '2023-03-01 22:35:53.500064');
INSERT INTO public.urls VALUES (60, 'https://ed.gov/montes/nascetur/ridiculus/mus.html?mi=sollicitudin&in=ut&porttitor=suscipit&pede=a&justo=feugiat&eu=et&massa=eros&donec=vestibulum&dapibus=ac&duis=est&at=lacinia&velit=nisi&eu=venenatis&est=tristique&congue=fusce&elementum=congue&in=diam&hac=id&habitasse=ornare&platea=imperdiet&dictumst=sapien&morbi=urna&vestibulum=pretium&velit=nisl&id=ut&pretium=volutpat&iaculis=sapien&diam=arcu&erat=sed&fermentum=augue&justo=aliquam', 'tLVOmYF0', 53, 0, '2023-03-01 22:35:53.500064');
INSERT INTO public.urls VALUES (61, 'http://rakuten.co.jp/lacus/curabitur/at/ipsum/ac/tellus.js?mattis=volutpat&egestas=convallis&metus=morbi&aenean=odio&fermentum=odio&donec=elementum&ut=eu&mauris=interdum&eget=eu&massa=tincidunt&tempor=in&convallis=leo&nulla=maecenas&neque=pulvinar&libero=lobortis&convallis=est&eget=phasellus&eleifend=sit&luctus=amet&ultricies=erat&eu=nulla&nibh=tempus&quisque=vivamus&id=in&justo=felis&sit=eu&amet=sapien&sapien=cursus&dignissim=vestibulum&vestibulum=proin&vestibulum=eu&ante=mi&ipsum=nulla&primis=ac&in=enim&faucibus=in&orci=tempor&luctus=turpis&et=nec&ultrices=euismod&posuere=scelerisque&cubilia=quam&curae=turpis&nulla=adipiscing&dapibus=lorem&dolor=vitae&vel=mattis&est=nibh&donec=ligula', 'ALFMmvGMq', 30, 0, '2023-03-01 22:35:53.500064');
INSERT INTO public.urls VALUES (62, 'https://fotki.com/sed/ante/vivamus/tortor/duis/mattis.jsp?vestibulum=mi&ante=integer&ipsum=ac&primis=neque&in=duis&faucibus=bibendum&orci=morbi&luctus=non&et=quam&ultrices=nec&posuere=dui&cubilia=luctus&curae=rutrum&duis=nulla&faucibus=tellus&accumsan=in&odio=sagittis&curabitur=dui&convallis=vel&duis=nisl&consequat=duis&dui=ac&nec=nibh&nisi=fusce&volutpat=lacus&eleifend=purus&donec=aliquet&ut=at&dolor=feugiat&morbi=non&vel=pretium&lectus=quis&in=lectus', 'aiRWAd', 5, 0, '2023-03-01 22:35:53.500064');
INSERT INTO public.urls VALUES (63, 'https://ibm.com/in.html?justo=sociis&etiam=natoque&pretium=penatibus&iaculis=et&justo=magnis&in=dis&hac=parturient&habitasse=montes&platea=nascetur&dictumst=ridiculus&etiam=mus&faucibus=etiam&cursus=vel&urna=augue&ut=vestibulum&tellus=rutrum&nulla=rutrum&ut=neque&erat=aenean&id=auctor&mauris=gravida&vulputate=sem&elementum=praesent&nullam=id&varius=massa&nulla=id&facilisi=nisl&cras=venenatis&non=lacinia&velit=aenean&nec=sit&nisi=amet&vulputate=justo&nonummy=morbi&maecenas=ut&tincidunt=odio&lacus=cras&at=mi&velit=pede&vivamus=malesuada&vel=in&nulla=imperdiet&eget=et&eros=commodo&elementum=vulputate&pellentesque=justo&quisque=in&porta=blandit&volutpat=ultrices&erat=enim&quisque=lorem&erat=ipsum&eros=dolor&viverra=sit&eget=amet&congue=consectetuer&eget=adipiscing&semper=elit&rutrum=proin&nulla=interdum&nunc=mauris&purus=non&phasellus=ligula&in=pellentesque&felis=ultrices&donec=phasellus&semper=id&sapien=sapien&a=in&libero=sapien&nam=iaculis&dui=congue&proin=vivamus&leo=metus&odio=arcu&porttitor=adipiscing', 'O7DnWZnEy', 31, 0, '2023-03-01 22:35:53.500064');
INSERT INTO public.urls VALUES (64, 'https://wikia.com/non/lectus.json?in=donec&felis=semper&donec=sapien&semper=a&sapien=libero&a=nam&libero=dui&nam=proin&dui=leo&proin=odio&leo=porttitor&odio=id&porttitor=consequat&id=in&consequat=consequat&in=ut&consequat=nulla&ut=sed&nulla=accumsan&sed=felis', 'xTZB0x', 87, 0, '2023-03-01 22:35:53.500064');
INSERT INTO public.urls VALUES (65, 'http://ow.ly/curae/mauris/viverra/diam/vitae.js?turpis=morbi&donec=a&posuere=ipsum&metus=integer&vitae=a&ipsum=nibh&aliquam=in&non=quis&mauris=justo&morbi=maecenas&non=rhoncus&lectus=aliquam&aliquam=lacus&sit=morbi&amet=quis&diam=tortor&in=id&magna=nulla&bibendum=ultrices&imperdiet=aliquet&nullam=maecenas&orci=leo&pede=odio&venenatis=condimentum&non=id&sodales=luctus&sed=nec&tincidunt=molestie&eu=sed&felis=justo&fusce=pellentesque&posuere=viverra&felis=pede&sed=ac&lacus=diam&morbi=cras&sem=pellentesque&mauris=volutpat&laoreet=dui&ut=maecenas&rhoncus=tristique&aliquet=est&pulvinar=et&sed=tempus&nisl=semper&nunc=est&rhoncus=quam&dui=pharetra&vel=magna&sem=ac&sed=consequat&sagittis=metus&nam=sapien&congue=ut&risus=nunc&semper=vestibulum&porta=ante&volutpat=ipsum&quam=primis&pede=in&lobortis=faucibus&ligula=orci&sit=luctus&amet=et&eleifend=ultrices&pede=posuere&libero=cubilia&quis=curae&orci=mauris&nullam=viverra&molestie=diam&nibh=vitae&in=quam&lectus=suspendisse&pellentesque=potenti&at=nullam&nulla=porttitor&suspendisse=lacus&potenti=at&cras=turpis&in=donec&purus=posuere&eu=metus&magna=vitae&vulputate=ipsum&luctus=aliquam&cum=non&sociis=mauris&natoque=morbi&penatibus=non&et=lectus&magnis=aliquam&dis=sit&parturient=amet&montes=diam&nascetur=in&ridiculus=magna', 'ddgInQsS', 52, 0, '2023-03-01 22:35:53.500064');
INSERT INTO public.urls VALUES (66, 'https://so-net.ne.jp/phasellus/id.xml?maecenas=a&leo=nibh&odio=in&condimentum=quis&id=justo&luctus=maecenas&nec=rhoncus&molestie=aliquam&sed=lacus&justo=morbi&pellentesque=quis&viverra=tortor&pede=id&ac=nulla&diam=ultrices&cras=aliquet&pellentesque=maecenas&volutpat=leo&dui=odio&maecenas=condimentum&tristique=id', '7q6wng', 88, 0, '2023-03-01 22:35:53.500064');
INSERT INTO public.urls VALUES (67, 'http://gnu.org/lacus/morbi/quis/tortor/id.jpg?ante=in&ipsum=consequat&primis=ut&in=nulla&faucibus=sed&orci=accumsan&luctus=felis&et=ut&ultrices=at&posuere=dolor&cubilia=quis&curae=odio&duis=consequat&faucibus=varius&accumsan=integer&odio=ac&curabitur=leo&convallis=pellentesque&duis=ultrices&consequat=mattis&dui=odio&nec=donec&nisi=vitae&volutpat=nisi&eleifend=nam&donec=ultrices&ut=libero&dolor=non&morbi=mattis&vel=pulvinar&lectus=nulla&in=pede&quam=ullamcorper&fringilla=augue&rhoncus=a&mauris=suscipit&enim=nulla&leo=elit&rhoncus=ac&sed=nulla&vestibulum=sed&sit=vel&amet=enim&cursus=sit&id=amet&turpis=nunc&integer=viverra&aliquet=dapibus&massa=nulla&id=suscipit&lobortis=ligula&convallis=in&tortor=lacus&risus=curabitur&dapibus=at&augue=ipsum&vel=ac&accumsan=tellus&tellus=semper&nisi=interdum&eu=mauris&orci=ullamcorper&mauris=purus&lacinia=sit&sapien=amet&quis=nulla&libero=quisque&nullam=arcu&sit=libero&amet=rutrum&turpis=ac&elementum=lobortis', 'CQ58LhK', 16, 0, '2023-03-01 22:35:53.500064');
INSERT INTO public.urls VALUES (68, 'http://yellowbook.com/duis/faucibus/accumsan/odio/curabitur.js?ridiculus=a&mus=feugiat&vivamus=et&vestibulum=eros&sagittis=vestibulum&sapien=ac&cum=est&sociis=lacinia&natoque=nisi', 'jumVxJteRmRp', 64, 0, '2023-03-01 22:35:53.500064');
INSERT INTO public.urls VALUES (69, 'http://shareasale.com/praesent.aspx?primis=at&in=nibh&faucibus=in&orci=hac&luctus=habitasse&et=platea&ultrices=dictumst&posuere=aliquam&cubilia=augue&curae=quam&nulla=sollicitudin&dapibus=vitae&dolor=consectetuer&vel=eget&est=rutrum&donec=at&odio=lorem&justo=integer&sollicitudin=tincidunt&ut=ante&suscipit=vel&a=ipsum&feugiat=praesent&et=blandit&eros=lacinia&vestibulum=erat&ac=vestibulum&est=sed&lacinia=magna&nisi=at&venenatis=nunc&tristique=commodo&fusce=placerat&congue=praesent&diam=blandit&id=nam&ornare=nulla&imperdiet=integer&sapien=pede&urna=justo&pretium=lacinia&nisl=eget&ut=tincidunt', '9IqGvkS2T', 84, 0, '2023-03-01 22:35:53.500064');
INSERT INTO public.urls VALUES (70, 'https://msn.com/nulla/quisque/arcu/libero/rutrum/ac/lobortis.js?ligula=mollis&nec=molestie&sem=lorem&duis=quisque&aliquam=ut&convallis=erat&nunc=curabitur&proin=gravida&at=nisi&turpis=at&a=nibh&pede=in&posuere=hac&nonummy=habitasse', 'IzXE0jpT', 74, 0, '2023-03-01 22:35:53.500064');
INSERT INTO public.urls VALUES (71, 'http://ox.ac.uk/ultrices/libero/non/mattis/pulvinar/nulla.xml?porttitor=quis&pede=turpis&justo=eget&eu=elit&massa=sodales&donec=scelerisque&dapibus=mauris&duis=sit&at=amet&velit=eros&eu=suspendisse&est=accumsan&congue=tortor&elementum=quis&in=turpis&hac=sed&habitasse=ante&platea=vivamus&dictumst=tortor&morbi=duis&vestibulum=mattis&velit=egestas&id=metus&pretium=aenean&iaculis=fermentum&diam=donec', 'nuQvjWul', 71, 0, '2023-03-01 22:35:53.500064');
INSERT INTO public.urls VALUES (72, 'http://technorati.com/cubilia/curae/duis/faucibus/accumsan/odio.json?felis=pede&sed=justo&lacus=lacinia&morbi=eget&sem=tincidunt&mauris=eget&laoreet=tempus&ut=vel&rhoncus=pede&aliquet=morbi&pulvinar=porttitor&sed=lorem&nisl=id&nunc=ligula&rhoncus=suspendisse&dui=ornare&vel=consequat&sem=lectus&sed=in&sagittis=est&nam=risus&congue=auctor&risus=sed&semper=tristique&porta=in&volutpat=tempus&quam=sit&pede=amet&lobortis=sem&ligula=fusce&sit=consequat&amet=nulla&eleifend=nisl&pede=nunc&libero=nisl&quis=duis&orci=bibendum&nullam=felis&molestie=sed&nibh=interdum&in=venenatis&lectus=turpis&pellentesque=enim&at=blandit&nulla=mi&suspendisse=in&potenti=porttitor&cras=pede&in=justo&purus=eu&eu=massa&magna=donec', 'd8IqBgksDEA', 99, 0, '2023-03-01 22:35:53.500064');
INSERT INTO public.urls VALUES (73, 'http://php.net/maecenas/rhoncus/aliquam/lacus/morbi/quis.jsp?ut=vivamus&rhoncus=vestibulum&aliquet=sagittis&pulvinar=sapien&sed=cum&nisl=sociis&nunc=natoque&rhoncus=penatibus&dui=et&vel=magnis&sem=dis&sed=parturient&sagittis=montes&nam=nascetur&congue=ridiculus&risus=mus&semper=etiam&porta=vel&volutpat=augue&quam=vestibulum&pede=rutrum&lobortis=rutrum&ligula=neque&sit=aenean&amet=auctor&eleifend=gravida&pede=sem&libero=praesent&quis=id&orci=massa&nullam=id&molestie=nisl&nibh=venenatis&in=lacinia&lectus=aenean&pellentesque=sit&at=amet&nulla=justo&suspendisse=morbi&potenti=ut&cras=odio&in=cras&purus=mi&eu=pede&magna=malesuada&vulputate=in&luctus=imperdiet&cum=et&sociis=commodo&natoque=vulputate&penatibus=justo&et=in&magnis=blandit&dis=ultrices&parturient=enim&montes=lorem&nascetur=ipsum&ridiculus=dolor&mus=sit&vivamus=amet&vestibulum=consectetuer&sagittis=adipiscing&sapien=elit&cum=proin&sociis=interdum&natoque=mauris&penatibus=non', 'Gb0r5aWg0', 60, 0, '2023-03-01 22:35:53.500064');
INSERT INTO public.urls VALUES (84, 'https://netlog.com/eget/elit.jsp?sed=nisi&nisl=vulputate&nunc=nonummy&rhoncus=maecenas&dui=tincidunt&vel=lacus&sem=at&sed=velit&sagittis=vivamus&nam=vel&congue=nulla&risus=eget&semper=eros&porta=elementum&volutpat=pellentesque&quam=quisque&pede=porta&lobortis=volutpat&ligula=erat&sit=quisque', 'f9XbSbrebl', 1, 0, '2023-03-01 22:35:53.500064');
INSERT INTO public.urls VALUES (74, 'http://google.fr/orci/mauris/lacinia/sapien.jsp?viverra=duis&eget=bibendum&congue=felis&eget=sed&semper=interdum&rutrum=venenatis&nulla=turpis&nunc=enim&purus=blandit&phasellus=mi&in=in&felis=porttitor&donec=pede&semper=justo&sapien=eu&a=massa&libero=donec&nam=dapibus&dui=duis&proin=at&leo=velit&odio=eu&porttitor=est&id=congue&consequat=elementum&in=in&consequat=hac&ut=habitasse&nulla=platea&sed=dictumst&accumsan=morbi&felis=vestibulum&ut=velit&at=id&dolor=pretium&quis=iaculis&odio=diam&consequat=erat&varius=fermentum&integer=justo&ac=nec&leo=condimentum&pellentesque=neque&ultrices=sapien&mattis=placerat&odio=ante&donec=nulla&vitae=justo&nisi=aliquam&nam=quis&ultrices=turpis&libero=eget&non=elit&mattis=sodales&pulvinar=scelerisque&nulla=mauris&pede=sit&ullamcorper=amet&augue=eros&a=suspendisse&suscipit=accumsan&nulla=tortor&elit=quis&ac=turpis&nulla=sed&sed=ante&vel=vivamus&enim=tortor&sit=duis&amet=mattis&nunc=egestas&viverra=metus&dapibus=aenean&nulla=fermentum&suscipit=donec&ligula=ut&in=mauris&lacus=eget&curabitur=massa&at=tempor&ipsum=convallis&ac=nulla&tellus=neque&semper=libero&interdum=convallis&mauris=eget&ullamcorper=eleifend&purus=luctus&sit=ultricies&amet=eu&nulla=nibh&quisque=quisque&arcu=id', 'W2D0qlabBkw', 63, 0, '2023-03-01 22:35:53.500064');
INSERT INTO public.urls VALUES (75, 'https://ucoz.ru/lorem/ipsum/dolor/sit.html?id=pharetra&justo=magna&sit=ac&amet=consequat&sapien=metus&dignissim=sapien&vestibulum=ut&vestibulum=nunc&ante=vestibulum&ipsum=ante&primis=ipsum&in=primis&faucibus=in&orci=faucibus&luctus=orci&et=luctus&ultrices=et&posuere=ultrices&cubilia=posuere&curae=cubilia&nulla=curae&dapibus=mauris&dolor=viverra&vel=diam&est=vitae&donec=quam&odio=suspendisse&justo=potenti&sollicitudin=nullam&ut=porttitor&suscipit=lacus&a=at&feugiat=turpis&et=donec&eros=posuere&vestibulum=metus&ac=vitae&est=ipsum&lacinia=aliquam&nisi=non&venenatis=mauris&tristique=morbi&fusce=non&congue=lectus&diam=aliquam&id=sit&ornare=amet&imperdiet=diam&sapien=in&urna=magna&pretium=bibendum&nisl=imperdiet&ut=nullam&volutpat=orci&sapien=pede&arcu=venenatis&sed=non&augue=sodales&aliquam=sed&erat=tincidunt&volutpat=eu&in=felis&congue=fusce&etiam=posuere&justo=felis&etiam=sed&pretium=lacus&iaculis=morbi&justo=sem&in=mauris&hac=laoreet&habitasse=ut&platea=rhoncus&dictumst=aliquet&etiam=pulvinar&faucibus=sed&cursus=nisl&urna=nunc', 'z128LiO', 10, 0, '2023-03-01 22:35:53.500064');
INSERT INTO public.urls VALUES (76, 'https://springer.com/turpis/eget/elit/sodales.aspx?est=sapien&lacinia=cursus&nisi=vestibulum&venenatis=proin&tristique=eu&fusce=mi&congue=nulla&diam=ac&id=enim&ornare=in&imperdiet=tempor&sapien=turpis&urna=nec&pretium=euismod&nisl=scelerisque&ut=quam&volutpat=turpis&sapien=adipiscing&arcu=lorem&sed=vitae&augue=mattis&aliquam=nibh&erat=ligula&volutpat=nec&in=sem&congue=duis&etiam=aliquam&justo=convallis&etiam=nunc&pretium=proin&iaculis=at&justo=turpis&in=a&hac=pede&habitasse=posuere&platea=nonummy&dictumst=integer&etiam=non&faucibus=velit&cursus=donec&urna=diam&ut=neque&tellus=vestibulum&nulla=eget&ut=vulputate&erat=ut&id=ultrices&mauris=vel&vulputate=augue&elementum=vestibulum&nullam=ante&varius=ipsum&nulla=primis&facilisi=in&cras=faucibus&non=orci&velit=luctus&nec=et&nisi=ultrices&vulputate=posuere&nonummy=cubilia&maecenas=curae&tincidunt=donec&lacus=pharetra&at=magna&velit=vestibulum&vivamus=aliquet&vel=ultrices&nulla=erat&eget=tortor&eros=sollicitudin&elementum=mi&pellentesque=sit&quisque=amet&porta=lobortis&volutpat=sapien&erat=sapien&quisque=non&erat=mi&eros=integer&viverra=ac&eget=neque&congue=duis&eget=bibendum&semper=morbi&rutrum=non&nulla=quam&nunc=nec&purus=dui&phasellus=luctus&in=rutrum&felis=nulla', 'mcwlN0le5', 33, 0, '2023-03-01 22:35:53.500064');
INSERT INTO public.urls VALUES (77, 'https://liveinternet.ru/eros/vestibulum/ac.aspx?posuere=tellus&cubilia=nisi&curae=eu&nulla=orci&dapibus=mauris&dolor=lacinia&vel=sapien&est=quis&donec=libero&odio=nullam&justo=sit&sollicitudin=amet&ut=turpis&suscipit=elementum&a=ligula&feugiat=vehicula&et=consequat&eros=morbi&vestibulum=a&ac=ipsum&est=integer&lacinia=a&nisi=nibh&venenatis=in&tristique=quis&fusce=justo&congue=maecenas&diam=rhoncus&id=aliquam&ornare=lacus&imperdiet=morbi&sapien=quis&urna=tortor&pretium=id&nisl=nulla&ut=ultrices&volutpat=aliquet&sapien=maecenas&arcu=leo&sed=odio&augue=condimentum&aliquam=id&erat=luctus&volutpat=nec&in=molestie&congue=sed&etiam=justo&justo=pellentesque&etiam=viverra&pretium=pede&iaculis=ac&justo=diam&in=cras&hac=pellentesque&habitasse=volutpat&platea=dui&dictumst=maecenas&etiam=tristique&faucibus=est&cursus=et&urna=tempus&ut=semper&tellus=est&nulla=quam&ut=pharetra&erat=magna&id=ac&mauris=consequat&vulputate=metus&elementum=sapien&nullam=ut&varius=nunc&nulla=vestibulum&facilisi=ante&cras=ipsum&non=primis&velit=in&nec=faucibus&nisi=orci&vulputate=luctus&nonummy=et&maecenas=ultrices&tincidunt=posuere&lacus=cubilia&at=curae&velit=mauris&vivamus=viverra&vel=diam&nulla=vitae&eget=quam&eros=suspendisse&elementum=potenti&pellentesque=nullam', '3Z6aLWw5R', 25, 0, '2023-03-01 22:35:53.500064');
INSERT INTO public.urls VALUES (78, 'http://google.pl/elit/proin/interdum/mauris/non/ligula.xml?consequat=leo&metus=rhoncus&sapien=sed&ut=vestibulum&nunc=sit&vestibulum=amet&ante=cursus&ipsum=id&primis=turpis&in=integer&faucibus=aliquet&orci=massa&luctus=id&et=lobortis&ultrices=convallis&posuere=tortor&cubilia=risus&curae=dapibus&mauris=augue&viverra=vel&diam=accumsan&vitae=tellus&quam=nisi&suspendisse=eu&potenti=orci&nullam=mauris&porttitor=lacinia&lacus=sapien&at=quis&turpis=libero&donec=nullam&posuere=sit&metus=amet&vitae=turpis&ipsum=elementum&aliquam=ligula&non=vehicula&mauris=consequat&morbi=morbi&non=a&lectus=ipsum&aliquam=integer&sit=a&amet=nibh&diam=in&in=quis&magna=justo&bibendum=maecenas&imperdiet=rhoncus&nullam=aliquam&orci=lacus&pede=morbi&venenatis=quis&non=tortor&sodales=id&sed=nulla&tincidunt=ultrices&eu=aliquet&felis=maecenas&fusce=leo&posuere=odio&felis=condimentum&sed=id&lacus=luctus&morbi=nec&sem=molestie&mauris=sed&laoreet=justo&ut=pellentesque&rhoncus=viverra&aliquet=pede&pulvinar=ac&sed=diam&nisl=cras&nunc=pellentesque&rhoncus=volutpat&dui=dui&vel=maecenas&sem=tristique', 'MMxSMqLv', 5, 0, '2023-03-01 22:35:53.500064');
INSERT INTO public.urls VALUES (79, 'http://sciencedaily.com/odio/porttitor/id.aspx?donec=rutrum&vitae=ac', 'JSfdWCbi', 3, 0, '2023-03-01 22:35:53.500064');
INSERT INTO public.urls VALUES (80, 'https://independent.co.uk/velit/vivamus/vel/nulla/eget.jpg?malesuada=potenti&in=cras&imperdiet=in&et=purus&commodo=eu&vulputate=magna&justo=vulputate&in=luctus&blandit=cum&ultrices=sociis&enim=natoque&lorem=penatibus&ipsum=et&dolor=magnis&sit=dis&amet=parturient&consectetuer=montes&adipiscing=nascetur&elit=ridiculus&proin=mus&interdum=vivamus&mauris=vestibulum&non=sagittis&ligula=sapien&pellentesque=cum&ultrices=sociis&phasellus=natoque&id=penatibus&sapien=et&in=magnis&sapien=dis&iaculis=parturient&congue=montes&vivamus=nascetur&metus=ridiculus&arcu=mus&adipiscing=etiam&molestie=vel&hendrerit=augue&at=vestibulum&vulputate=rutrum&vitae=rutrum&nisl=neque&aenean=aenean&lectus=auctor&pellentesque=gravida&eget=sem&nunc=praesent&donec=id&quis=massa&orci=id&eget=nisl&orci=venenatis&vehicula=lacinia&condimentum=aenean&curabitur=sit&in=amet&libero=justo&ut=morbi&massa=ut&volutpat=odio&convallis=cras&morbi=mi&odio=pede&odio=malesuada', 'sHgHVErJWjW', 99, 0, '2023-03-01 22:35:53.500064');
INSERT INTO public.urls VALUES (81, 'http://github.io/sodales.jpg?felis=id&sed=lobortis&interdum=convallis&venenatis=tortor&turpis=risus&enim=dapibus&blandit=augue&mi=vel&in=accumsan&porttitor=tellus&pede=nisi&justo=eu&eu=orci&massa=mauris&donec=lacinia&dapibus=sapien&duis=quis&at=libero&velit=nullam&eu=sit&est=amet&congue=turpis&elementum=elementum&in=ligula&hac=vehicula&habitasse=consequat&platea=morbi&dictumst=a', 'X7pFiFNdUn', 14, 0, '2023-03-01 22:35:53.500064');
INSERT INTO public.urls VALUES (82, 'https://unicef.org/pede/lobortis/ligula/sit.png?orci=at&eget=feugiat&orci=non', 'tqLz4F', 65, 0, '2023-03-01 22:35:53.500064');
INSERT INTO public.urls VALUES (83, 'https://examiner.com/magna.jpg?maecenas=duis&pulvinar=bibendum&lobortis=morbi&est=non&phasellus=quam&sit=nec&amet=dui&erat=luctus&nulla=rutrum', 'aYEIEwLMy', 31, 0, '2023-03-01 22:35:53.500064');
INSERT INTO public.urls VALUES (86, 'https://sohu.com/sapien/cum/sociis.png?ipsum=duis&dolor=mattis&sit=egestas&amet=metus&consectetuer=aenean&adipiscing=fermentum&elit=donec&proin=ut&interdum=mauris&mauris=eget&non=massa&ligula=tempor&pellentesque=convallis&ultrices=nulla&phasellus=neque&id=libero&sapien=convallis&in=eget&sapien=eleifend&iaculis=luctus&congue=ultricies&vivamus=eu&metus=nibh&arcu=quisque&adipiscing=id&molestie=justo&hendrerit=sit&at=amet&vulputate=sapien&vitae=dignissim&nisl=vestibulum&aenean=vestibulum&lectus=ante&pellentesque=ipsum&eget=primis&nunc=in&donec=faucibus&quis=orci&orci=luctus&eget=et&orci=ultrices&vehicula=posuere&condimentum=cubilia&curabitur=curae&in=nulla&libero=dapibus&ut=dolor&massa=vel&volutpat=est&convallis=donec&morbi=odio&odio=justo&odio=sollicitudin&elementum=ut&eu=suscipit&interdum=a&eu=feugiat&tincidunt=et&in=eros&leo=vestibulum&maecenas=ac&pulvinar=est&lobortis=lacinia&est=nisi&phasellus=venenatis&sit=tristique&amet=fusce&erat=congue&nulla=diam&tempus=id&vivamus=ornare', 'CM2NPI7', 16, 0, '2023-03-01 22:35:53.500064');
INSERT INTO public.urls VALUES (87, 'http://pcworld.com/in/felis/donec/semper.aspx?luctus=nulla&ultricies=justo&eu=aliquam&nibh=quis&quisque=turpis&id=eget&justo=elit&sit=sodales&amet=scelerisque&sapien=mauris&dignissim=sit&vestibulum=amet&vestibulum=eros&ante=suspendisse&ipsum=accumsan&primis=tortor&in=quis&faucibus=turpis&orci=sed&luctus=ante&et=vivamus&ultrices=tortor&posuere=duis&cubilia=mattis&curae=egestas&nulla=metus&dapibus=aenean&dolor=fermentum&vel=donec&est=ut&donec=mauris&odio=eget&justo=massa&sollicitudin=tempor&ut=convallis&suscipit=nulla&a=neque&feugiat=libero&et=convallis&eros=eget&vestibulum=eleifend&ac=luctus&est=ultricies&lacinia=eu&nisi=nibh&venenatis=quisque&tristique=id&fusce=justo&congue=sit&diam=amet&id=sapien&ornare=dignissim&imperdiet=vestibulum&sapien=vestibulum&urna=ante&pretium=ipsum&nisl=primis&ut=in&volutpat=faucibus&sapien=orci&arcu=luctus&sed=et&augue=ultrices&aliquam=posuere&erat=cubilia&volutpat=curae&in=nulla&congue=dapibus&etiam=dolor&justo=vel&etiam=est', 'eZ6FtBgbZJbj', 80, 0, '2023-03-01 22:35:53.500064');
INSERT INTO public.urls VALUES (88, 'https://qq.com/consectetuer/adipiscing/elit.aspx?nibh=ac&in=nibh&quis=fusce&justo=lacus&maecenas=purus&rhoncus=aliquet&aliquam=at&lacus=feugiat&morbi=non&quis=pretium&tortor=quis&id=lectus&nulla=suspendisse&ultrices=potenti&aliquet=in&maecenas=eleifend&leo=quam&odio=a&condimentum=odio&id=in&luctus=hac&nec=habitasse&molestie=platea&sed=dictumst&justo=maecenas&pellentesque=ut&viverra=massa&pede=quis&ac=augue&diam=luctus&cras=tincidunt&pellentesque=nulla&volutpat=mollis&dui=molestie&maecenas=lorem&tristique=quisque&est=ut&et=erat&tempus=curabitur&semper=gravida&est=nisi&quam=at', 'cAq99QSL', 83, 0, '2023-03-01 22:35:53.500064');
INSERT INTO public.urls VALUES (89, 'http://godaddy.com/dictumst.aspx?ut=sit&dolor=amet&morbi=eros&vel=suspendisse&lectus=accumsan&in=tortor&quam=quis&fringilla=turpis&rhoncus=sed&mauris=ante&enim=vivamus&leo=tortor&rhoncus=duis&sed=mattis&vestibulum=egestas&sit=metus&amet=aenean&cursus=fermentum&id=donec&turpis=ut&integer=mauris&aliquet=eget&massa=massa&id=tempor&lobortis=convallis&convallis=nulla&tortor=neque&risus=libero&dapibus=convallis&augue=eget&vel=eleifend&accumsan=luctus&tellus=ultricies&nisi=eu&eu=nibh&orci=quisque&mauris=id&lacinia=justo&sapien=sit&quis=amet&libero=sapien&nullam=dignissim&sit=vestibulum&amet=vestibulum&turpis=ante&elementum=ipsum&ligula=primis&vehicula=in&consequat=faucibus&morbi=orci&a=luctus&ipsum=et&integer=ultrices&a=posuere&nibh=cubilia&in=curae&quis=nulla&justo=dapibus&maecenas=dolor&rhoncus=vel&aliquam=est&lacus=donec&morbi=odio&quis=justo&tortor=sollicitudin&id=ut&nulla=suscipit&ultrices=a&aliquet=feugiat&maecenas=et&leo=eros&odio=vestibulum&condimentum=ac', 'AhXMCpQtd', 27, 0, '2023-03-01 22:35:53.500064');
INSERT INTO public.urls VALUES (90, 'https://goodreads.com/amet/justo.jsp?rhoncus=est&aliquet=risus&pulvinar=auctor&sed=sed&nisl=tristique&nunc=in&rhoncus=tempus&dui=sit&vel=amet&sem=sem&sed=fusce&sagittis=consequat&nam=nulla&congue=nisl&risus=nunc&semper=nisl&porta=duis&volutpat=bibendum&quam=felis&pede=sed&lobortis=interdum&ligula=venenatis&sit=turpis&amet=enim&eleifend=blandit&pede=mi&libero=in&quis=porttitor&orci=pede&nullam=justo&molestie=eu&nibh=massa&in=donec&lectus=dapibus&pellentesque=duis&at=at&nulla=velit&suspendisse=eu&potenti=est&cras=congue&in=elementum&purus=in&eu=hac&magna=habitasse&vulputate=platea&luctus=dictumst&cum=morbi&sociis=vestibulum&natoque=velit&penatibus=id&et=pretium&magnis=iaculis&dis=diam&parturient=erat&montes=fermentum&nascetur=justo&ridiculus=nec&mus=condimentum&vivamus=neque&vestibulum=sapien&sagittis=placerat&sapien=ante&cum=nulla&sociis=justo&natoque=aliquam&penatibus=quis&et=turpis&magnis=eget', 'I6hPPb', 64, 0, '2023-03-01 22:35:53.500064');
INSERT INTO public.urls VALUES (91, 'http://gravatar.com/etiam/pretium/iaculis/justo/in.jsp?duis=consectetuer&aliquam=adipiscing&convallis=elit&nunc=proin&proin=interdum&at=mauris&turpis=non&a=ligula&pede=pellentesque&posuere=ultrices&nonummy=phasellus&integer=id&non=sapien&velit=in&donec=sapien&diam=iaculis&neque=congue&vestibulum=vivamus&eget=metus&vulputate=arcu&ut=adipiscing&ultrices=molestie&vel=hendrerit&augue=at&vestibulum=vulputate&ante=vitae&ipsum=nisl&primis=aenean&in=lectus&faucibus=pellentesque&orci=eget&luctus=nunc&et=donec&ultrices=quis&posuere=orci&cubilia=eget&curae=orci&donec=vehicula&pharetra=condimentum&magna=curabitur&vestibulum=in&aliquet=libero&ultrices=ut&erat=massa&tortor=volutpat&sollicitudin=convallis&mi=morbi&sit=odio&amet=odio&lobortis=elementum&sapien=eu&sapien=interdum&non=eu&mi=tincidunt&integer=in&ac=leo&neque=maecenas&duis=pulvinar&bibendum=lobortis&morbi=est&non=phasellus&quam=sit&nec=amet&dui=erat&luctus=nulla&rutrum=tempus&nulla=vivamus&tellus=in&in=felis&sagittis=eu&dui=sapien&vel=cursus&nisl=vestibulum&duis=proin&ac=eu&nibh=mi&fusce=nulla&lacus=ac&purus=enim&aliquet=in&at=tempor&feugiat=turpis&non=nec&pretium=euismod&quis=scelerisque', 'Rc5E42iN22', 69, 0, '2023-03-01 22:35:53.500064');
INSERT INTO public.urls VALUES (92, 'http://flickr.com/tincidunt/eget/tempus/vel/pede/morbi/porttitor.png?et=nulla&magnis=sed&dis=accumsan&parturient=felis&montes=ut&nascetur=at&ridiculus=dolor&mus=quis&vivamus=odio&vestibulum=consequat&sagittis=varius&sapien=integer&cum=ac&sociis=leo&natoque=pellentesque&penatibus=ultrices&et=mattis&magnis=odio&dis=donec&parturient=vitae&montes=nisi&nascetur=nam&ridiculus=ultrices&mus=libero&etiam=non&vel=mattis&augue=pulvinar&vestibulum=nulla&rutrum=pede&rutrum=ullamcorper&neque=augue&aenean=a&auctor=suscipit&gravida=nulla&sem=elit&praesent=ac&id=nulla', 'DTQF5nE', 23, 0, '2023-03-01 22:35:53.500064');
INSERT INTO public.urls VALUES (93, 'https://over-blog.com/leo/pellentesque/ultrices/mattis/odio/donec.aspx?augue=id&vestibulum=pretium&ante=iaculis&ipsum=diam&primis=erat&in=fermentum&faucibus=justo&orci=nec&luctus=condimentum&et=neque&ultrices=sapien&posuere=placerat&cubilia=ante&curae=nulla&donec=justo&pharetra=aliquam&magna=quis&vestibulum=turpis&aliquet=eget&ultrices=elit', 'E2EnnbSys', 41, 0, '2023-03-01 22:35:53.500064');
INSERT INTO public.urls VALUES (94, 'https://addtoany.com/pretium/iaculis.js?nisl=hac&venenatis=habitasse&lacinia=platea&aenean=dictumst&sit=morbi&amet=vestibulum&justo=velit&morbi=id&ut=pretium&odio=iaculis&cras=diam&mi=erat&pede=fermentum&malesuada=justo&in=nec&imperdiet=condimentum&et=neque&commodo=sapien&vulputate=placerat&justo=ante&in=nulla&blandit=justo&ultrices=aliquam&enim=quis&lorem=turpis&ipsum=eget&dolor=elit&sit=sodales&amet=scelerisque&consectetuer=mauris&adipiscing=sit&elit=amet&proin=eros&interdum=suspendisse&mauris=accumsan&non=tortor&ligula=quis&pellentesque=turpis&ultrices=sed&phasellus=ante&id=vivamus&sapien=tortor&in=duis&sapien=mattis&iaculis=egestas&congue=metus&vivamus=aenean&metus=fermentum&arcu=donec&adipiscing=ut&molestie=mauris&hendrerit=eget&at=massa&vulputate=tempor&vitae=convallis&nisl=nulla&aenean=neque', 'hse1mXApFYY', 28, 0, '2023-03-01 22:35:53.500064');
INSERT INTO public.urls VALUES (95, 'http://narod.ru/ut/nulla.xml?donec=blandit&dapibus=non&duis=interdum&at=in&velit=ante&eu=vestibulum&est=ante&congue=ipsum&elementum=primis&in=in&hac=faucibus&habitasse=orci&platea=luctus&dictumst=et&morbi=ultrices&vestibulum=posuere&velit=cubilia&id=curae&pretium=duis&iaculis=faucibus&diam=accumsan&erat=odio&fermentum=curabitur&justo=convallis&nec=duis&condimentum=consequat&neque=dui&sapien=nec&placerat=nisi&ante=volutpat&nulla=eleifend&justo=donec&aliquam=ut&quis=dolor&turpis=morbi&eget=vel&elit=lectus&sodales=in&scelerisque=quam&mauris=fringilla&sit=rhoncus&amet=mauris&eros=enim&suspendisse=leo&accumsan=rhoncus&tortor=sed&quis=vestibulum&turpis=sit&sed=amet&ante=cursus&vivamus=id&tortor=turpis&duis=integer&mattis=aliquet&egestas=massa&metus=id&aenean=lobortis&fermentum=convallis&donec=tortor&ut=risus&mauris=dapibus&eget=augue&massa=vel&tempor=accumsan&convallis=tellus&nulla=nisi&neque=eu&libero=orci&convallis=mauris&eget=lacinia&eleifend=sapien&luctus=quis&ultricies=libero&eu=nullam&nibh=sit&quisque=amet&id=turpis&justo=elementum&sit=ligula&amet=vehicula&sapien=consequat&dignissim=morbi&vestibulum=a&vestibulum=ipsum', 'N0VUa8iQ', 76, 0, '2023-03-01 22:35:53.500064');
INSERT INTO public.urls VALUES (96, 'https://list-manage.com/platea/dictumst.jpg?sit=eleifend&amet=pede&lobortis=libero&sapien=quis&sapien=orci&non=nullam&mi=molestie&integer=nibh&ac=in&neque=lectus&duis=pellentesque&bibendum=at&morbi=nulla&non=suspendisse&quam=potenti&nec=cras&dui=in&luctus=purus&rutrum=eu&nulla=magna&tellus=vulputate&in=luctus&sagittis=cum&dui=sociis&vel=natoque', '9gvgsfzMiGH', 90, 0, '2023-03-01 22:35:53.500064');
INSERT INTO public.urls VALUES (97, 'http://webeden.co.uk/est/donec/odio.js?sit=mauris&amet=viverra&erat=diam&nulla=vitae&tempus=quam&vivamus=suspendisse&in=potenti&felis=nullam&eu=porttitor&sapien=lacus&cursus=at&vestibulum=turpis&proin=donec&eu=posuere&mi=metus&nulla=vitae&ac=ipsum&enim=aliquam&in=non&tempor=mauris&turpis=morbi&nec=non&euismod=lectus&scelerisque=aliquam&quam=sit&turpis=amet&adipiscing=diam&lorem=in&vitae=magna&mattis=bibendum&nibh=imperdiet&ligula=nullam&nec=orci&sem=pede&duis=venenatis&aliquam=non&convallis=sodales&nunc=sed&proin=tincidunt&at=eu&turpis=felis&a=fusce&pede=posuere&posuere=felis&nonummy=sed&integer=lacus&non=morbi&velit=sem&donec=mauris&diam=laoreet&neque=ut&vestibulum=rhoncus&eget=aliquet&vulputate=pulvinar&ut=sed&ultrices=nisl&vel=nunc', 'C17Zc4knRd', 36, 0, '2023-03-01 22:35:53.500064');
INSERT INTO public.urls VALUES (98, 'https://dell.com/aliquet/ultrices.png?fermentum=velit&donec=nec&ut=nisi&mauris=vulputate', 'LApa4Mv', 97, 0, '2023-03-01 22:35:53.500064');
INSERT INTO public.urls VALUES (99, 'http://blogger.com/augue/quam/sollicitudin.png?curae=elementum&nulla=in&dapibus=hac&dolor=habitasse&vel=platea&est=dictumst&donec=morbi&odio=vestibulum&justo=velit&sollicitudin=id&ut=pretium&suscipit=iaculis&a=diam', 'SY4tHNRXE', 63, 0, '2023-03-01 22:35:53.500064');
INSERT INTO public.urls VALUES (100, 'http://devhub.com/neque/vestibulum/eget/vulputate/ut.xml?luctus=potenti&et=cras&ultrices=in&posuere=purus&cubilia=eu&curae=magna&donec=vulputate&pharetra=luctus&magna=cum&vestibulum=sociis&aliquet=natoque&ultrices=penatibus&erat=et&tortor=magnis&sollicitudin=dis&mi=parturient&sit=montes&amet=nascetur&lobortis=ridiculus&sapien=mus&sapien=vivamus&non=vestibulum&mi=sagittis&integer=sapien&ac=cum&neque=sociis&duis=natoque&bibendum=penatibus&morbi=et&non=magnis&quam=dis&nec=parturient&dui=montes&luctus=nascetur&rutrum=ridiculus&nulla=mus&tellus=etiam&in=vel&sagittis=augue&dui=vestibulum&vel=rutrum&nisl=rutrum&duis=neque&ac=aenean&nibh=auctor&fusce=gravida&lacus=sem&purus=praesent&aliquet=id&at=massa&feugiat=id&non=nisl&pretium=venenatis&quis=lacinia&lectus=aenean&suspendisse=sit&potenti=amet&in=justo&eleifend=morbi&quam=ut&a=odio&odio=cras', 'EMus4Yo', 1, 0, '2023-03-01 22:35:53.500064');


--
-- Data for Name: users; Type: TABLE DATA; Schema: public; Owner: -
--

INSERT INTO public.users VALUES (1, 'fcasin0@wired.com', 'Feliza Casin', 'TGERZP', '2023-03-01 22:23:28.941957');
INSERT INTO public.users VALUES (2, 'bfosdyke1@cyberchimps.com', 'Biddie Fosdyke', 'jdWE78', '2023-03-01 22:23:28.941957');
INSERT INTO public.users VALUES (3, 'hthreadgill2@adobe.com', 'Harlene Threadgill', 'xVeLRbni', '2023-03-01 22:23:28.941957');
INSERT INTO public.users VALUES (4, 'kdoddrell3@thetimes.co.uk', 'Kirsti Doddrell', 'daUtrxf9hnE', '2023-03-01 22:23:28.941957');
INSERT INTO public.users VALUES (5, 'ccabedo4@marriott.com', 'Cele Cabedo', 'O8aKSrb', '2023-03-01 22:23:28.941957');
INSERT INTO public.users VALUES (6, 'lrizzotto5@columbia.edu', 'Letta Rizzotto', 'FgqoCy6HVVg', '2023-03-01 22:23:28.941957');
INSERT INTO public.users VALUES (7, 'esaffin6@mozilla.com', 'Engelbert Saffin', 'qMdAifoaKuJr', '2023-03-01 22:23:28.941957');
INSERT INTO public.users VALUES (8, 'adelcastel7@aol.com', 'Amara Delcastel', '2AcDge', '2023-03-01 22:23:28.941957');
INSERT INTO public.users VALUES (9, 'hbartoshevich8@nature.com', 'Hart Bartoshevich', 'FGYOI7l8', '2023-03-01 22:23:28.941957');
INSERT INTO public.users VALUES (10, 'hbielby9@oaic.gov.au', 'Herculie Bielby', 'RCq1jXyX', '2023-03-01 22:23:28.941957');
INSERT INTO public.users VALUES (11, 'alinstera@jalbum.net', 'Armand Linster', 'Jm6NWTr', '2023-03-01 22:23:28.941957');
INSERT INTO public.users VALUES (12, 'roldenb@simplemachines.org', 'Roddy Olden', 'rxtts9TufD', '2023-03-01 22:23:28.941957');
INSERT INTO public.users VALUES (13, 'cgeraudc@ucoz.com', 'Claiborne Geraud', '5uQriN5eS', '2023-03-01 22:23:28.941957');
INSERT INTO public.users VALUES (14, 'rcummined@toplist.cz', 'Rourke Cummine', 'uYTVVH2bbT', '2023-03-01 22:23:28.941957');
INSERT INTO public.users VALUES (15, 'sbraggere@ibm.com', 'Sharai Bragger', 'tKXMKi', '2023-03-01 22:23:28.941957');
INSERT INTO public.users VALUES (16, 'dbawdonf@w3.org', 'Dorene Bawdon', 'bnZqYulOhMU', '2023-03-01 22:23:28.941957');
INSERT INTO public.users VALUES (17, 'lclurowg@addthis.com', 'Lilllie Clurow', 'oAbvyoY', '2023-03-01 22:23:28.941957');
INSERT INTO public.users VALUES (18, 'dcremenh@cisco.com', 'Darlleen Cremen', 'TOgmzpVZqLsu', '2023-03-01 22:23:28.941957');
INSERT INTO public.users VALUES (19, 'rablotti@ucoz.ru', 'Riordan Ablott', 'IiGYNHYDe5', '2023-03-01 22:23:28.941957');
INSERT INTO public.users VALUES (20, 'cmessagerj@tinypic.com', 'Clemmy Messager', 'IWoN3Oyuo6', '2023-03-01 22:23:28.941957');
INSERT INTO public.users VALUES (21, 'cjoriok@bloglines.com', 'Collie Jorio', 'FxUq5NRpcZ0', '2023-03-01 22:23:28.941957');
INSERT INTO public.users VALUES (22, 'riacoviellil@biblegateway.com', 'Rutger Iacovielli', 'fnDGBA9', '2023-03-01 22:23:28.941957');
INSERT INTO public.users VALUES (23, 'lkeppym@lycos.com', 'Loralyn Keppy', 'JHN4eTIO1T', '2023-03-01 22:23:28.941957');
INSERT INTO public.users VALUES (24, 'bpulstern@japanpost.jp', 'Billy Pulster', 'FCKWNbwLcC', '2023-03-01 22:23:28.941957');
INSERT INTO public.users VALUES (25, 'mcockertono@twitpic.com', 'Meridith Cockerton', 'sQkbvCB', '2023-03-01 22:23:28.941957');
INSERT INTO public.users VALUES (26, 'smoscropp@columbia.edu', 'Stacia Moscrop', 'AOiXawINZe', '2023-03-01 22:23:28.941957');
INSERT INTO public.users VALUES (27, 'wlowseleyq@elegantthemes.com', 'Westleigh Lowseley', '0Oj3igOT9Nd', '2023-03-01 22:23:28.941957');
INSERT INTO public.users VALUES (28, 'kramager@google.co.jp', 'Kippie Ramage', 'EqNeXdfIVI48', '2023-03-01 22:23:28.941957');
INSERT INTO public.users VALUES (29, 'wedmanss@dailymotion.com', 'Willdon Edmans', 'BYvyRR0f', '2023-03-01 22:23:28.941957');
INSERT INTO public.users VALUES (30, 'ppurshouset@hao123.com', 'Paddie Purshouse', 'oq6rUpTXLdo', '2023-03-01 22:23:28.941957');
INSERT INTO public.users VALUES (31, 'edesbrowu@rediff.com', 'Ephrem Desbrow', 'UszUiZ', '2023-03-01 22:23:28.941957');
INSERT INTO public.users VALUES (32, 'agamettv@forbes.com', 'Adolpho Gamett', 'rlL8RURd4dl', '2023-03-01 22:23:28.941957');
INSERT INTO public.users VALUES (33, 'ldummerw@homestead.com', 'Leonie Dummer', 'mYJ0K3iwb', '2023-03-01 22:23:28.941957');
INSERT INTO public.users VALUES (34, 'kcaressx@hugedomains.com', 'Keri Caress', 'OsXTZLp6', '2023-03-01 22:23:28.941957');
INSERT INTO public.users VALUES (35, 'jchartey@dot.gov', 'Jolyn Charte', 'OA0bOlTaa4ez', '2023-03-01 22:23:28.941957');
INSERT INTO public.users VALUES (36, 'drichelz@miibeian.gov.cn', 'Daniela Richel', 'WmgLDGDqu', '2023-03-01 22:23:28.941957');
INSERT INTO public.users VALUES (37, 'jwillcot10@soundcloud.com', 'Jeth Willcot', 'NJvauvO', '2023-03-01 22:23:28.941957');
INSERT INTO public.users VALUES (38, 'rgrizard11@oakley.com', 'Raquel Grizard', 'rXgIw5oO', '2023-03-01 22:23:28.941957');
INSERT INTO public.users VALUES (39, 'dpalia12@biblegateway.com', 'Dedra Palia', 'C2t28WC', '2023-03-01 22:23:28.941957');
INSERT INTO public.users VALUES (40, 'omclukie13@zdnet.com', 'Ode McLukie', 'C1varN2kzxnQ', '2023-03-01 22:23:28.941957');
INSERT INTO public.users VALUES (41, 'lmayston14@theglobeandmail.com', 'Lethia Mayston', 'EXkSFTsaBPx', '2023-03-01 22:23:28.941957');
INSERT INTO public.users VALUES (42, 'jaskey15@abc.net.au', 'Joey Askey', 'aIyUtgN', '2023-03-01 22:23:28.941957');
INSERT INTO public.users VALUES (43, 'hpetel16@1und1.de', 'Herculie Petel', 'FY3T5iWGQ6i', '2023-03-01 22:23:28.941957');
INSERT INTO public.users VALUES (44, 'vchiene17@sfgate.com', 'Violet Chiene', 'f1HW6fJ', '2023-03-01 22:23:28.941957');
INSERT INTO public.users VALUES (45, 'cgoozee18@i2i.jp', 'Carolynn Goozee', 'J47pzuFYKM3M', '2023-03-01 22:23:28.941957');
INSERT INTO public.users VALUES (46, 'sfierman19@aol.com', 'Saloma Fierman', 'VqI7KFhfe', '2023-03-01 22:23:28.941957');
INSERT INTO public.users VALUES (47, 'fautin1a@stanford.edu', 'Fransisco Autin', 'W1qHXZ', '2023-03-01 22:23:28.941957');
INSERT INTO public.users VALUES (48, 'mibbett1b@irs.gov', 'Mic Ibbett', 'eD3Kwu', '2023-03-01 22:23:28.941957');
INSERT INTO public.users VALUES (49, 'tglantz1c@hexun.com', 'Tad Glantz', '7jMNXE2', '2023-03-01 22:23:28.941957');
INSERT INTO public.users VALUES (50, 'ewaddie1d@spiegel.de', 'Ernest Waddie', 'zRHiBhmmI', '2023-03-01 22:23:28.941957');
INSERT INTO public.users VALUES (51, 'ecouves1e@cdbaby.com', 'Edin Couves', 'iIPbLgRtyN', '2023-03-01 22:23:28.941957');
INSERT INTO public.users VALUES (52, 'dmundy1f@paypal.com', 'Deane Mundy', 'sFpR75JU', '2023-03-01 22:23:28.941957');
INSERT INTO public.users VALUES (53, 'amoggach1g@flavors.me', 'Annette Moggach', 'krhgHYf4RN', '2023-03-01 22:23:28.941957');
INSERT INTO public.users VALUES (54, 'mgallahue1h@php.net', 'Myrwyn Gallahue', 'hdg39RV', '2023-03-01 22:23:28.941957');
INSERT INTO public.users VALUES (55, 'pcreeber1i@wired.com', 'Payton Creeber', 'ro8PQkIqgL', '2023-03-01 22:23:28.941957');
INSERT INTO public.users VALUES (56, 'snorster1j@ft.com', 'Spike Norster', 'msHXtsf', '2023-03-01 22:23:28.941957');
INSERT INTO public.users VALUES (57, 'hboldecke1k@usgs.gov', 'Hadrian Boldecke', 'gPj4JCJNV', '2023-03-01 22:23:28.941957');
INSERT INTO public.users VALUES (58, 'anaylor1l@imageshack.us', 'Ali Naylor', 'nKC5bgIgVQLK', '2023-03-01 22:23:28.941957');
INSERT INTO public.users VALUES (59, 'ckohrs1m@reddit.com', 'Cheryl Kohrs', 'I2bizwnuJ5S', '2023-03-01 22:23:28.941957');
INSERT INTO public.users VALUES (60, 'zlilian1n@desdev.cn', 'Zola Lilian', 'PNMNKo', '2023-03-01 22:23:28.941957');
INSERT INTO public.users VALUES (61, 'jallnutt1o@multiply.com', 'Jessalin Allnutt', '6ThkoC', '2023-03-01 22:23:28.941957');
INSERT INTO public.users VALUES (62, 'alamberto1p@chron.com', 'Archambault Lamberto', 'iGG9MG', '2023-03-01 22:23:28.941957');
INSERT INTO public.users VALUES (63, 'tsplevins1q@ebay.co.uk', 'Truman Splevins', 'stk1AXbPYZh', '2023-03-01 22:23:28.941957');
INSERT INTO public.users VALUES (64, 'iakrigg1r@bloglovin.com', 'Inger Akrigg', 'jDU59dwY', '2023-03-01 22:23:28.941957');
INSERT INTO public.users VALUES (65, 'mcholton1s@wordpress.org', 'Misti Cholton', 'sGv9pabz', '2023-03-01 22:23:28.941957');
INSERT INTO public.users VALUES (66, 'lbrierly1t@reverbnation.com', 'Lennie Brierly', 'e4AX1f', '2023-03-01 22:23:28.941957');
INSERT INTO public.users VALUES (67, 'rriddeough1u@cloudflare.com', 'Rik Riddeough', '3FlM4iGH', '2023-03-01 22:23:28.941957');
INSERT INTO public.users VALUES (68, 'gheinreich1v@disqus.com', 'Gray Heinreich', 'yMDdgwFzf', '2023-03-01 22:23:28.941957');
INSERT INTO public.users VALUES (69, 'pabsalom1w@icio.us', 'Prince Absalom', 'CkENpcIiU3T3', '2023-03-01 22:23:28.941957');
INSERT INTO public.users VALUES (70, 'sscoggan1x@amazonaws.com', 'Stephine Scoggan', '6M4D5TnK', '2023-03-01 22:23:28.941957');
INSERT INTO public.users VALUES (71, 'sgatrell1y@theguardian.com', 'Sawyere Gatrell', 'EMkdgFQSJOA', '2023-03-01 22:23:28.941957');
INSERT INTO public.users VALUES (72, 'ispare1z@blog.com', 'Inga Spare', '4fJOkkSWUtcP', '2023-03-01 22:23:28.941957');
INSERT INTO public.users VALUES (73, 'fwitson20@comsenz.com', 'Fin Witson', 'athc5xiEe', '2023-03-01 22:23:28.941957');
INSERT INTO public.users VALUES (74, 'kstockings21@bravesites.com', 'Kerk Stockings', '7bjs379NSGb', '2023-03-01 22:23:28.941957');
INSERT INTO public.users VALUES (75, 'stabourel22@msu.edu', 'Shea Tabourel', 'cPPMfmK2', '2023-03-01 22:23:28.941957');
INSERT INTO public.users VALUES (76, 'anattriss23@storify.com', 'Ashely Nattriss', 'q6JAOgLbV45x', '2023-03-01 22:23:28.941957');
INSERT INTO public.users VALUES (77, 'ckleinholz24@sciencedirect.com', 'Carlota Kleinholz', 'Mdph2MUy0', '2023-03-01 22:23:28.941957');
INSERT INTO public.users VALUES (78, 'hmccosh25@vinaora.com', 'Hector McCosh', 'zkA5NC1L1W', '2023-03-01 22:23:28.941957');
INSERT INTO public.users VALUES (79, 'mmetterick26@biglobe.ne.jp', 'Mahalia Metterick', 'AOQcmFaK', '2023-03-01 22:23:28.941957');
INSERT INTO public.users VALUES (80, 'jcarnegy27@hatena.ne.jp', 'Junia Carnegy', 'bemdqtheH1c', '2023-03-01 22:23:28.941957');
INSERT INTO public.users VALUES (81, 'rmapledoore28@scientificamerican.com', 'Rustin Mapledoore', 'Mczto4Vm', '2023-03-01 22:23:28.941957');
INSERT INTO public.users VALUES (82, 'fhover29@cpanel.net', 'Finlay Hover', '1Mos75l', '2023-03-01 22:23:28.941957');
INSERT INTO public.users VALUES (83, 'cbrunotti2a@spiegel.de', 'Chantalle Brunotti', 'LUgwjhT', '2023-03-01 22:23:28.941957');
INSERT INTO public.users VALUES (84, 'linglis2b@businessweek.com', 'Laurence Inglis', '0MtufNXKkyV1', '2023-03-01 22:23:28.941957');
INSERT INTO public.users VALUES (85, 'fbuyers2c@theguardian.com', 'Fanchette Buyers', 'rkiSeX', '2023-03-01 22:23:28.941957');
INSERT INTO public.users VALUES (86, 'gblofield2d@slideshare.net', 'Griz Blofield', 'it1VD3Y6', '2023-03-01 22:23:28.941957');
INSERT INTO public.users VALUES (87, 'lblankman2e@dmoz.org', 'Lonnie Blankman', '3eo5NoZZ', '2023-03-01 22:23:28.941957');
INSERT INTO public.users VALUES (88, 'kcridland2f@angelfire.com', 'Karlis Cridland', 'b5VBP5dq', '2023-03-01 22:23:28.941957');
INSERT INTO public.users VALUES (89, 'noverlow2g@ocn.ne.jp', 'Nike Overlow', 'iUt5Zu9qiQ', '2023-03-01 22:23:28.941957');
INSERT INTO public.users VALUES (90, 'asorsby2h@baidu.com', 'Ashlen Sorsby', 'xTLUr4k', '2023-03-01 22:23:28.941957');
INSERT INTO public.users VALUES (91, 'syonnie2i@example.com', 'Seymour Yonnie', '6Qy3uH', '2023-03-01 22:23:28.941957');
INSERT INTO public.users VALUES (92, 'ldumbrill2j@de.vu', 'Lind Dumbrill', 'YdxTUA8I4t18', '2023-03-01 22:23:28.941957');
INSERT INTO public.users VALUES (93, 'oweiner2k@t-online.de', 'Orelia Weiner', 'P7woiBYP', '2023-03-01 22:23:28.941957');
INSERT INTO public.users VALUES (94, 'iyeeles2l@timesonline.co.uk', 'Ilyssa Yeeles', 'smXdDD', '2023-03-01 22:23:28.941957');
INSERT INTO public.users VALUES (95, 'kseville2m@webnode.com', 'Kyrstin Seville', 'pbOOAbDB', '2023-03-01 22:23:28.941957');
INSERT INTO public.users VALUES (96, 'ahawyes2n@merriam-webster.com', 'Amandie Hawyes', 'OoWrUE', '2023-03-01 22:23:28.941957');
INSERT INTO public.users VALUES (97, 'diskowitz2o@linkedin.com', 'Daveta Iskowitz', 'nhTEOe', '2023-03-01 22:23:28.941957');
INSERT INTO public.users VALUES (98, 'rwheelwright2p@abc.net.au', 'Rozanna Wheelwright', '7kTVuR6LA', '2023-03-01 22:23:28.941957');
INSERT INTO public.users VALUES (99, 'ehelsdon2q@miibeian.gov.cn', 'Emelda Helsdon', 'xRgHNe', '2023-03-01 22:23:28.941957');
INSERT INTO public.users VALUES (100, 'phiseman2r@un.org', 'Paxton Hiseman', 'DNzQUHeLg', '2023-03-01 22:23:28.941957');


--
-- Name: sessions_id_seq; Type: SEQUENCE SET; Schema: public; Owner: -
--

SELECT pg_catalog.setval('public.sessions_id_seq', 598, true);


--
-- Name: urls_id_seq; Type: SEQUENCE SET; Schema: public; Owner: -
--

SELECT pg_catalog.setval('public.urls_id_seq', 1, false);


--
-- Name: users_id_seq; Type: SEQUENCE SET; Schema: public; Owner: -
--

SELECT pg_catalog.setval('public.users_id_seq', 1, false);


--
-- Name: sessions sessions_pkey; Type: CONSTRAINT; Schema: public; Owner: -
--

ALTER TABLE ONLY public.sessions
    ADD CONSTRAINT sessions_pkey PRIMARY KEY (id);


--
-- Name: sessions sessions_token_key; Type: CONSTRAINT; Schema: public; Owner: -
--

ALTER TABLE ONLY public.sessions
    ADD CONSTRAINT sessions_token_key UNIQUE (token);


--
-- Name: sessions sessions_user_id_key; Type: CONSTRAINT; Schema: public; Owner: -
--

ALTER TABLE ONLY public.sessions
    ADD CONSTRAINT sessions_user_id_key UNIQUE (user_id);


--
-- Name: urls unique_short_url_constraint; Type: CONSTRAINT; Schema: public; Owner: -
--

ALTER TABLE ONLY public.urls
    ADD CONSTRAINT unique_short_url_constraint UNIQUE (short_url);


--
-- Name: urls urls_pkey; Type: CONSTRAINT; Schema: public; Owner: -
--

ALTER TABLE ONLY public.urls
    ADD CONSTRAINT urls_pkey PRIMARY KEY (id);


--
-- Name: users users_email_key; Type: CONSTRAINT; Schema: public; Owner: -
--

ALTER TABLE ONLY public.users
    ADD CONSTRAINT users_email_key UNIQUE (email);


--
-- Name: users users_pkey; Type: CONSTRAINT; Schema: public; Owner: -
--

ALTER TABLE ONLY public.users
    ADD CONSTRAINT users_pkey PRIMARY KEY (id);


--
-- Name: sessions sessions_user_id_fkey; Type: FK CONSTRAINT; Schema: public; Owner: -
--

ALTER TABLE ONLY public.sessions
    ADD CONSTRAINT sessions_user_id_fkey FOREIGN KEY (user_id) REFERENCES public.users(id);


--
-- Name: urls urls_user_id_fkey; Type: FK CONSTRAINT; Schema: public; Owner: -
--

ALTER TABLE ONLY public.urls
    ADD CONSTRAINT urls_user_id_fkey FOREIGN KEY (user_id) REFERENCES public.users(id);


--
-- PostgreSQL database dump complete
--

